SELECT sysdate FROM dual;

--예매
--1번시간
INSERT INTO tblReservation (seq, adult, teen, senior, total, userSeq, screenTimeSeq) VALUES (1, 1, 1, 0, 2, 3, 55);
INSERT INTO tblReservation (seq, adult, teen, senior, total, userSeq, screenTimeSeq) VALUES (2, 0, 1, 0, 1, 4, 55);
INSERT INTO tblReservation (seq, adult, teen, senior, total, userSeq, screenTimeSeq) VALUES (3, 0, 0, 4, 4, 5, 55);
INSERT INTO tblReservation (seq, adult, teen, senior, total, userSeq, screenTimeSeq) VALUES (4, 1, 1, 2, 4, 6, 55);
INSERT INTO tblReservation (seq, adult, teen, senior, total, userSeq, screenTimeSeq) VALUES (5, 0, 2, 0, 2, 7, 55);
INSERT INTO tblReservation (seq, adult, teen, senior, total, userSeq, screenTimeSeq) VALUES (6, 2, 2, 2, 6, 8, 55);
INSERT INTO tblReservation (seq, adult, teen, senior, total, userSeq, screenTimeSeq) VALUES (7, 3, 3, 0, 6, 9, 55);
INSERT INTO tblReservation (seq, adult, teen, senior, total, userSeq, screenTimeSeq) VALUES (8, 1, 1, 1, 3, 10, 55);
INSERT INTO tblReservation (seq, adult, teen, senior, total, userSeq, screenTimeSeq) VALUES (9, 2, 3, 3, 8, 11, 55);
INSERT INTO tblReservation (seq, adult, teen, senior, total, userSeq, screenTimeSeq) VALUES (10, 2, 2, 0, 4, 12, 55);
INSERT INTO tblReservation (seq, adult, teen, senior, total, userSeq, screenTimeSeq) VALUES (11, 2, 0, 0, 2, 13, 55);
INSERT INTO tblReservation (seq, adult, teen, senior, total, userSeq, screenTimeSeq) VALUES (12, 2, 4, 0, 6, 14, 55);
INSERT INTO tblReservation (seq, adult, teen, senior, total, userSeq, screenTimeSeq) VALUES (13, 3, 3, 3, 9, 15, 55);


--2번시간
INSERT INTO tblReservation (seq, adult, teen, senior, total, userSeq, screenTimeSeq) VALUES (14, 1, 1, 0, 2, 3, 56);
INSERT INTO tblReservation (seq, adult, teen, senior, total, userSeq, screenTimeSeq) VALUES (15, 0, 1, 0, 1, 4, 56);
INSERT INTO tblReservation (seq, adult, teen, senior, total, userSeq, screenTimeSeq) VALUES (16, 0, 0, 4, 4, 5, 56);
INSERT INTO tblReservation (seq, adult, teen, senior, total, userSeq, screenTimeSeq) VALUES (17, 1, 1, 2, 4, 6, 56);
INSERT INTO tblReservation (seq, adult, teen, senior, total, userSeq, screenTimeSeq) VALUES (18, 0, 2, 0, 2, 7, 56);
INSERT INTO tblReservation (seq, adult, teen, senior, total, userSeq, screenTimeSeq) VALUES (19, 2, 2, 2, 6, 8, 56);
INSERT INTO tblReservation (seq, adult, teen, senior, total, userSeq, screenTimeSeq) VALUES (20, 3, 3, 0, 6, 9, 56);
INSERT INTO tblReservation (seq, adult, teen, senior, total, userSeq, screenTimeSeq) VALUES (21, 1, 1, 1, 3, 10, 56);
INSERT INTO tblReservation (seq, adult, teen, senior, total, userSeq, screenTimeSeq) VALUES (22, 2, 3, 3, 8, 11, 56);
INSERT INTO tblReservation (seq, adult, teen, senior, total, userSeq, screenTimeSeq) VALUES (23, 2, 2, 0, 4, 12, 56);
INSERT INTO tblReservation (seq, adult, teen, senior, total, userSeq, screenTimeSeq) VALUES (24, 2, 0, 0, 2, 13, 56);
INSERT INTO tblReservation (seq, adult, teen, senior, total, userSeq, screenTimeSeq) VALUES (25, 2, 4, 0, 6, 14, 56);
INSERT INTO tblReservation (seq, adult, teen, senior, total, userSeq, screenTimeSeq) VALUES (26, 3, 3, 3, 9, 15, 56);

--3번시간
INSERT INTO tblReservation (seq, adult, teen, senior, total, userSeq, screenTimeSeq) VALUES (27, 1, 1, 0, 2, 3, 57);
INSERT INTO tblReservation (seq, adult, teen, senior, total, userSeq, screenTimeSeq) VALUES (28, 0, 1, 0, 1, 4, 57);
INSERT INTO tblReservation (seq, adult, teen, senior, total, userSeq, screenTimeSeq) VALUES (29, 0, 0, 4, 4, 5, 57);
INSERT INTO tblReservation (seq, adult, teen, senior, total, userSeq, screenTimeSeq) VALUES (30, 1, 1, 2, 4, 6, 57);
INSERT INTO tblReservation (seq, adult, teen, senior, total, userSeq, screenTimeSeq) VALUES (31, 0, 2, 0, 2, 7, 57);
INSERT INTO tblReservation (seq, adult, teen, senior, total, userSeq, screenTimeSeq) VALUES (32, 2, 2, 2, 6, 8, 57);
INSERT INTO tblReservation (seq, adult, teen, senior, total, userSeq, screenTimeSeq) VALUES (33, 3, 3, 0, 6, 9, 57);
INSERT INTO tblReservation (seq, adult, teen, senior, total, userSeq, screenTimeSeq) VALUES (34, 1, 1, 1, 3, 10, 57);
INSERT INTO tblReservation (seq, adult, teen, senior, total, userSeq, screenTimeSeq) VALUES (35, 2, 3, 3, 8, 11, 57);
INSERT INTO tblReservation (seq, adult, teen, senior, total, userSeq, screenTimeSeq) VALUES (36, 2, 2, 0, 4, 12, 57);
INSERT INTO tblReservation (seq, adult, teen, senior, total, userSeq, screenTimeSeq) VALUES (37, 2, 0, 0, 2, 13, 57);
INSERT INTO tblReservation (seq, adult, teen, senior, total, userSeq, screenTimeSeq) VALUES (38, 2, 4, 0, 6, 14, 57);
INSERT INTO tblReservation (seq, adult, teen, senior, total, userSeq, screenTimeSeq) VALUES (39, 3, 3, 3, 9, 15, 57);

--4번시간
INSERT INTO tblReservation (seq, adult, teen, senior, total, userSeq, screenTimeSeq) VALUES (40, 1, 1, 0, 2, 3, 58);
INSERT INTO tblReservation (seq, adult, teen, senior, total, userSeq, screenTimeSeq) VALUES (41, 0, 1, 0, 1, 4, 58);
INSERT INTO tblReservation (seq, adult, teen, senior, total, userSeq, screenTimeSeq) VALUES (42, 0, 0, 4, 4, 5, 58);
INSERT INTO tblReservation (seq, adult, teen, senior, total, userSeq, screenTimeSeq) VALUES (43, 1, 1, 2, 4, 6, 58);
INSERT INTO tblReservation (seq, adult, teen, senior, total, userSeq, screenTimeSeq) VALUES (44, 0, 2, 0, 2, 7, 58);
INSERT INTO tblReservation (seq, adult, teen, senior, total, userSeq, screenTimeSeq) VALUES (45, 2, 2, 2, 6, 8, 58);
INSERT INTO tblReservation (seq, adult, teen, senior, total, userSeq, screenTimeSeq) VALUES (46, 3, 3, 0, 6, 9, 58);
INSERT INTO tblReservation (seq, adult, teen, senior, total, userSeq, screenTimeSeq) VALUES (47, 1, 1, 1, 3, 10, 58);
INSERT INTO tblReservation (seq, adult, teen, senior, total, userSeq, screenTimeSeq) VALUES (48, 2, 3, 3, 8, 11, 58);
INSERT INTO tblReservation (seq, adult, teen, senior, total, userSeq, screenTimeSeq) VALUES (49, 2, 2, 0, 4, 12, 58);
INSERT INTO tblReservation (seq, adult, teen, senior, total, userSeq, screenTimeSeq) VALUES (50, 2, 0, 0, 2, 13, 58);
INSERT INTO tblReservation (seq, adult, teen, senior, total, userSeq, screenTimeSeq) VALUES (51, 2, 4, 0, 6, 14, 58);
INSERT INTO tblReservation (seq, adult, teen, senior, total, userSeq, screenTimeSeq) VALUES (52, 3, 3, 3, 9, 15, 58);

--5번시간
INSERT INTO tblReservation (seq, adult, teen, senior, total, userSeq, screenTimeSeq) VALUES (53, 1, 1, 0, 2, 3, 59);
INSERT INTO tblReservation (seq, adult, teen, senior, total, userSeq, screenTimeSeq) VALUES (54, 0, 1, 0, 1, 4, 59);
INSERT INTO tblReservation (seq, adult, teen, senior, total, userSeq, screenTimeSeq) VALUES (55, 0, 0, 4, 4, 5, 59);
INSERT INTO tblReservation (seq, adult, teen, senior, total, userSeq, screenTimeSeq) VALUES (56, 1, 1, 2, 4, 6, 59);
INSERT INTO tblReservation (seq, adult, teen, senior, total, userSeq, screenTimeSeq) VALUES (57, 0, 2, 0, 2, 7, 59);
INSERT INTO tblReservation (seq, adult, teen, senior, total, userSeq, screenTimeSeq) VALUES (58, 2, 2, 2, 6, 8, 59);
INSERT INTO tblReservation (seq, adult, teen, senior, total, userSeq, screenTimeSeq) VALUES (59, 3, 3, 0, 6, 9, 59);
INSERT INTO tblReservation (seq, adult, teen, senior, total, userSeq, screenTimeSeq) VALUES (60, 1, 1, 1, 3, 10, 59);
INSERT INTO tblReservation (seq, adult, teen, senior, total, userSeq, screenTimeSeq) VALUES (61, 2, 3, 3, 8, 11, 59);
INSERT INTO tblReservation (seq, adult, teen, senior, total, userSeq, screenTimeSeq) VALUES (62, 2, 2, 0, 4, 12, 59);
INSERT INTO tblReservation (seq, adult, teen, senior, total, userSeq, screenTimeSeq) VALUES (63, 2, 0, 0, 2, 13, 59);
INSERT INTO tblReservation (seq, adult, teen, senior, total, userSeq, screenTimeSeq) VALUES (64, 2, 4, 0, 6, 14, 59);
INSERT INTO tblReservation (seq, adult, teen, senior, total, userSeq, screenTimeSeq) VALUES (65, 3, 3, 3, 9, 15, 59);

--6번시간
INSERT INTO tblReservation (seq, adult, teen, senior, total, userSeq, screenTimeSeq) VALUES (66, 1, 1, 0, 2, 3, 60);
INSERT INTO tblReservation (seq, adult, teen, senior, total, userSeq, screenTimeSeq) VALUES (67, 0, 1, 0, 1, 4, 60);
INSERT INTO tblReservation (seq, adult, teen, senior, total, userSeq, screenTimeSeq) VALUES (68, 0, 0, 4, 4, 5, 60);
INSERT INTO tblReservation (seq, adult, teen, senior, total, userSeq, screenTimeSeq) VALUES (69, 1, 1, 2, 4, 6, 60);
INSERT INTO tblReservation (seq, adult, teen, senior, total, userSeq, screenTimeSeq) VALUES (70, 0, 2, 0, 2, 7, 60);
INSERT INTO tblReservation (seq, adult, teen, senior, total, userSeq, screenTimeSeq) VALUES (71, 2, 2, 2, 6, 8, 60);
INSERT INTO tblReservation (seq, adult, teen, senior, total, userSeq, screenTimeSeq) VALUES (72, 3, 3, 0, 6, 9, 60);
INSERT INTO tblReservation (seq, adult, teen, senior, total, userSeq, screenTimeSeq) VALUES (73, 1, 1, 1, 3, 10, 60);
INSERT INTO tblReservation (seq, adult, teen, senior, total, userSeq, screenTimeSeq) VALUES (74, 2, 3, 3, 8, 11, 60);
INSERT INTO tblReservation (seq, adult, teen, senior, total, userSeq, screenTimeSeq) VALUES (75, 2, 2, 0, 4, 12, 60);
INSERT INTO tblReservation (seq, adult, teen, senior, total, userSeq, screenTimeSeq) VALUES (76, 2, 0, 0, 2, 13, 60);
INSERT INTO tblReservation (seq, adult, teen, senior, total, userSeq, screenTimeSeq) VALUES (77, 2, 4, 0, 6, 14, 60);
INSERT INTO tblReservation (seq, adult, teen, senior, total, userSeq, screenTimeSeq) VALUES (78, 3, 3, 3, 9, 15, 60);




--예매 금액
--1번시간
INSERT INTO tblReservePay (seq, totalPrice, reservationSeq) VALUES (1, 20000, 1);
INSERT INTO tblReservePay (seq, totalPrice, reservationSeq) VALUES (2, 36000, 2);
INSERT INTO tblReservePay (seq, totalPrice, reservationSeq) VALUES (3, 18000, 3);
INSERT INTO tblReservePay (seq, totalPrice, reservationSeq) VALUES (4, 8000, 4);
INSERT INTO tblReservePay (seq, totalPrice, reservationSeq) VALUES (5, 24000, 5);
INSERT INTO tblReservePay (seq, totalPrice, reservationSeq) VALUES (6, 30000, 6);
INSERT INTO tblReservePay (seq, totalPrice, reservationSeq) VALUES (7, 16000, 7);
INSERT INTO tblReservePay (seq, totalPrice, reservationSeq) VALUES (8, 48000, 8);
INSERT INTO tblReservePay (seq, totalPrice, reservationSeq) VALUES (9, 54000, 9);
INSERT INTO tblReservePay (seq, totalPrice, reservationSeq) VALUES (10, 24000, 10);
INSERT INTO tblReservePay (seq, totalPrice, reservationSeq) VALUES (11, 62000, 11);
INSERT INTO tblReservePay (seq, totalPrice, reservationSeq) VALUES (12, 36000, 12);
INSERT INTO tblReservePay (seq, totalPrice, reservationSeq) VALUES (13, 20000, 13);
--INSERT INTO tblReservePay (seq, totalPrice, reservationSeq) VALUES (14, 44000, 14);
--INSERT INTO tblReservePay (seq, totalPrice, reservationSeq) VALUES (15, 72000, 15);

--2번시간
INSERT INTO tblReservePay (seq, totalPrice, reservationSeq) VALUES (14, 20000, 14);
INSERT INTO tblReservePay (seq, totalPrice, reservationSeq) VALUES (15, 36000, 15);
INSERT INTO tblReservePay (seq, totalPrice, reservationSeq) VALUES (16, 18000, 16);
INSERT INTO tblReservePay (seq, totalPrice, reservationSeq) VALUES (17, 8000, 17);
INSERT INTO tblReservePay (seq, totalPrice, reservationSeq) VALUES (18, 24000, 18);
INSERT INTO tblReservePay (seq, totalPrice, reservationSeq) VALUES (19, 30000, 19);
INSERT INTO tblReservePay (seq, totalPrice, reservationSeq) VALUES (20, 16000, 20);
INSERT INTO tblReservePay (seq, totalPrice, reservationSeq) VALUES (21, 48000, 21);
INSERT INTO tblReservePay (seq, totalPrice, reservationSeq) VALUES (22, 54000, 22);
INSERT INTO tblReservePay (seq, totalPrice, reservationSeq) VALUES (23, 24000, 23);
INSERT INTO tblReservePay (seq, totalPrice, reservationSeq) VALUES (24, 62000, 24);
INSERT INTO tblReservePay (seq, totalPrice, reservationSeq) VALUES (25, 36000, 25);
INSERT INTO tblReservePay (seq, totalPrice, reservationSeq) VALUES (26, 20000, 26);

--3번시간
INSERT INTO tblReservePay (seq, totalPrice, reservationSeq) VALUES (27, 20000, 27);
INSERT INTO tblReservePay (seq, totalPrice, reservationSeq) VALUES (28, 36000, 28);
INSERT INTO tblReservePay (seq, totalPrice, reservationSeq) VALUES (29, 18000, 29);
INSERT INTO tblReservePay (seq, totalPrice, reservationSeq) VALUES (30, 8000, 30);
INSERT INTO tblReservePay (seq, totalPrice, reservationSeq) VALUES (31, 24000, 31);
INSERT INTO tblReservePay (seq, totalPrice, reservationSeq) VALUES (32, 30000, 32);
INSERT INTO tblReservePay (seq, totalPrice, reservationSeq) VALUES (33, 16000, 33);
INSERT INTO tblReservePay (seq, totalPrice, reservationSeq) VALUES (34, 48000, 34);
INSERT INTO tblReservePay (seq, totalPrice, reservationSeq) VALUES (35, 54000, 35);
INSERT INTO tblReservePay (seq, totalPrice, reservationSeq) VALUES (36, 24000, 36);
INSERT INTO tblReservePay (seq, totalPrice, reservationSeq) VALUES (37, 62000, 37);
INSERT INTO tblReservePay (seq, totalPrice, reservationSeq) VALUES (38, 36000, 38);
INSERT INTO tblReservePay (seq, totalPrice, reservationSeq) VALUES (39, 20000, 39);

--4번시간
INSERT INTO tblReservePay (seq, totalPrice, reservationSeq) VALUES (40, 20000, 40);
INSERT INTO tblReservePay (seq, totalPrice, reservationSeq) VALUES (41, 36000, 41);
INSERT INTO tblReservePay (seq, totalPrice, reservationSeq) VALUES (42, 18000, 42);
INSERT INTO tblReservePay (seq, totalPrice, reservationSeq) VALUES (43, 8000, 43);
INSERT INTO tblReservePay (seq, totalPrice, reservationSeq) VALUES (44, 24000, 44);
INSERT INTO tblReservePay (seq, totalPrice, reservationSeq) VALUES (45, 30000, 45);
INSERT INTO tblReservePay (seq, totalPrice, reservationSeq) VALUES (46, 16000, 46);
INSERT INTO tblReservePay (seq, totalPrice, reservationSeq) VALUES (47, 48000, 47);
INSERT INTO tblReservePay (seq, totalPrice, reservationSeq) VALUES (48, 54000, 48);
INSERT INTO tblReservePay (seq, totalPrice, reservationSeq) VALUES (49, 24000, 49);
INSERT INTO tblReservePay (seq, totalPrice, reservationSeq) VALUES (50, 62000, 50);
INSERT INTO tblReservePay (seq, totalPrice, reservationSeq) VALUES (51, 36000, 51);
INSERT INTO tblReservePay (seq, totalPrice, reservationSeq) VALUES (52, 20000, 52);

--5번시간
INSERT INTO tblReservePay (seq, totalPrice, reservationSeq) VALUES (53, 20000, 53);
INSERT INTO tblReservePay (seq, totalPrice, reservationSeq) VALUES (54, 36000, 54);
INSERT INTO tblReservePay (seq, totalPrice, reservationSeq) VALUES (55, 18000, 55);
INSERT INTO tblReservePay (seq, totalPrice, reservationSeq) VALUES (56, 8000, 56);
INSERT INTO tblReservePay (seq, totalPrice, reservationSeq) VALUES (57, 24000, 57);
INSERT INTO tblReservePay (seq, totalPrice, reservationSeq) VALUES (58, 30000, 58);
INSERT INTO tblReservePay (seq, totalPrice, reservationSeq) VALUES (59, 16000, 59);
INSERT INTO tblReservePay (seq, totalPrice, reservationSeq) VALUES (60, 48000, 60);
INSERT INTO tblReservePay (seq, totalPrice, reservationSeq) VALUES (61, 54000, 61);
INSERT INTO tblReservePay (seq, totalPrice, reservationSeq) VALUES (62, 24000, 62);
INSERT INTO tblReservePay (seq, totalPrice, reservationSeq) VALUES (63, 62000, 63);
INSERT INTO tblReservePay (seq, totalPrice, reservationSeq) VALUES (64, 36000, 64);
INSERT INTO tblReservePay (seq, totalPrice, reservationSeq) VALUES (65, 20000, 65);

--6번시간
INSERT INTO tblReservePay (seq, totalPrice, reservationSeq) VALUES (66, 20000, 66);
INSERT INTO tblReservePay (seq, totalPrice, reservationSeq) VALUES (67, 36000, 67);
INSERT INTO tblReservePay (seq, totalPrice, reservationSeq) VALUES (68, 18000, 68);
INSERT INTO tblReservePay (seq, totalPrice, reservationSeq) VALUES (69, 8000, 69);
INSERT INTO tblReservePay (seq, totalPrice, reservationSeq) VALUES (70, 24000, 70);
INSERT INTO tblReservePay (seq, totalPrice, reservationSeq) VALUES (71, 30000, 71);
INSERT INTO tblReservePay (seq, totalPrice, reservationSeq) VALUES (72, 16000, 72);
INSERT INTO tblReservePay (seq, totalPrice, reservationSeq) VALUES (73, 48000, 73);
INSERT INTO tblReservePay (seq, totalPrice, reservationSeq) VALUES (74, 54000, 74);
INSERT INTO tblReservePay (seq, totalPrice, reservationSeq) VALUES (75, 24000, 75);
INSERT INTO tblReservePay (seq, totalPrice, reservationSeq) VALUES (76, 62000, 76);
INSERT INTO tblReservePay (seq, totalPrice, reservationSeq) VALUES (77, 36000, 77);
INSERT INTO tblReservePay (seq, totalPrice, reservationSeq) VALUES (78, 20000, 78);



--좌석
--1번시간
INSERT INTO tblSeat (seq, seat, reservationSeq) VALUES (1, 'R14', 1);
INSERT INTO tblSeat (seq, seat, reservationSeq) VALUES (2, 'R15', 1);

INSERT INTO tblSeat (seq, seat, reservationSeq) VALUES (3, 'Q14', 2);
INSERT INTO tblSeat (seq, seat, reservationSeq) VALUES (4, 'Q15', 2);
INSERT INTO tblSeat (seq, seat, reservationSeq) VALUES (5, 'Q16', 2);
INSERT INTO tblSeat (seq, seat, reservationSeq) VALUES (6, 'Q17', 2);

INSERT INTO tblSeat (seq, seat, reservationSeq) VALUES (7, 'P12', 3);
INSERT INTO tblSeat (seq, seat, reservationSeq) VALUES (8, 'P13', 3);

INSERT INTO tblSeat (seq, seat, reservationSeq) VALUES (9, 'P16', 4);

INSERT INTO tblSeat (seq, seat, reservationSeq) VALUES (10, 'O12', 5);
INSERT INTO tblSeat (seq, seat, reservationSeq) VALUES (11, 'O13', 5);
INSERT INTO tblSeat (seq, seat, reservationSeq) VALUES (12, 'O14', 5);
INSERT INTO tblSeat (seq, seat, reservationSeq) VALUES (13, 'O15', 5);

INSERT INTO tblSeat (seq, seat, reservationSeq) VALUES (14, 'N10', 6);
INSERT INTO tblSeat (seq, seat, reservationSeq) VALUES (15, 'N11', 6);
INSERT INTO tblSeat (seq, seat, reservationSeq) VALUES (16, 'N12', 6);
INSERT INTO tblSeat (seq, seat, reservationSeq) VALUES (17, 'N13', 6);

INSERT INTO tblSeat (seq, seat, reservationSeq) VALUES (18, 'N15', 7);
INSERT INTO tblSeat (seq, seat, reservationSeq) VALUES (19, 'N16', 7);

INSERT INTO tblSeat (seq, seat, reservationSeq) VALUES (20, 'M4', 8);
INSERT INTO tblSeat (seq, seat, reservationSeq) VALUES (21, 'M5', 8);
INSERT INTO tblSeat (seq, seat, reservationSeq) VALUES (22, 'M6', 8);
INSERT INTO tblSeat (seq, seat, reservationSeq) VALUES (23, 'M7', 8);
INSERT INTO tblSeat (seq, seat, reservationSeq) VALUES (24, 'M8', 8);
INSERT INTO tblSeat (seq, seat, reservationSeq) VALUES (25, 'M9', 8);

INSERT INTO tblSeat (seq, seat, reservationSeq) VALUES (26, 'M10', 9);
INSERT INTO tblSeat (seq, seat, reservationSeq) VALUES (27, 'M11', 9);
INSERT INTO tblSeat (seq, seat, reservationSeq) VALUES (28, 'M12', 9);
INSERT INTO tblSeat (seq, seat, reservationSeq) VALUES (29, 'M13', 9);
INSERT INTO tblSeat (seq, seat, reservationSeq) VALUES (30, 'M14', 9);
INSERT INTO tblSeat (seq, seat, reservationSeq) VALUES (31, 'M15', 9);

INSERT INTO tblSeat (seq, seat, reservationSeq) VALUES (32, 'L12', 10);
INSERT INTO tblSeat (seq, seat, reservationSeq) VALUES (33, 'L13', 10);
INSERT INTO tblSeat (seq, seat, reservationSeq) VALUES (34, 'L14', 10);

INSERT INTO tblSeat (seq, seat, reservationSeq) VALUES (35, 'I10', 11);
INSERT INTO tblSeat (seq, seat, reservationSeq) VALUES (36, 'I11', 11);
INSERT INTO tblSeat (seq, seat, reservationSeq) VALUES (37, 'I12', 11);
INSERT INTO tblSeat (seq, seat, reservationSeq) VALUES (38, 'I13', 11);
INSERT INTO tblSeat (seq, seat, reservationSeq) VALUES (39, 'I14', 11);
INSERT INTO tblSeat (seq, seat, reservationSeq) VALUES (40, 'I15', 11);
INSERT INTO tblSeat (seq, seat, reservationSeq) VALUES (41, 'I16', 11);
INSERT INTO tblSeat (seq, seat, reservationSeq) VALUES (42, 'I17', 11);

INSERT INTO tblSeat (seq, seat, reservationSeq) VALUES (43, 'H14', 12);
INSERT INTO tblSeat (seq, seat, reservationSeq) VALUES (44, 'H15', 12);

INSERT INTO tblSeat (seq, seat, reservationSeq) VALUES (45, 'H3', 13);
INSERT INTO tblSeat (seq, seat, reservationSeq) VALUES (46, 'H4', 13);

--INSERT INTO tblSeat (seq, seat, reservationSeq) VALUES (47, G6, 14);
--INSERT INTO tblSeat (seq, seat, reservationSeq) VALUES (48, G7, 14);
--INSERT INTO tblSeat (seq, seat, reservationSeq) VALUES (49, G8, 14);
--INSERT INTO tblSeat (seq, seat, reservationSeq) VALUES (50, G9, 14);
--INSERT INTO tblSeat (seq, seat, reservationSeq) VALUES (49, G10, 14);
--INSERT INTO tblSeat (seq, seat, reservationSeq) VALUES (50, G11, 14);
--
--INSERT INTO tblSeat (seq, seat, reservationSeq) VALUES (51, F1, 15);
--INSERT INTO tblSeat (seq, seat, reservationSeq) VALUES (52, F1, 15);
--INSERT INTO tblSeat (seq, seat, reservationSeq) VALUES (53, F1, 15);
--INSERT INTO tblSeat (seq, seat, reservationSeq) VALUES (54, F1, 15);
--INSERT INTO tblSeat (seq, seat, reservationSeq) VALUES (55, F1, 15);
--INSERT INTO tblSeat (seq, seat, reservationSeq) VALUES (56, F1, 15);
--INSERT INTO tblSeat (seq, seat, reservationSeq) VALUES (57, F1, 15);
--INSERT INTO tblSeat (seq, seat, reservationSeq) VALUES (58, F1, 15);
--INSERT INTO tblSeat (seq, seat, reservationSeq) VALUES (59, F1, 15);
--INSERT INTO tblSeat (seq, seat, reservationSeq) VALUES (60, F1, 15);

--2번 시간
INSERT INTO tblSeat (seq, seat, reservationSeq) VALUES (47, 'R14', 14);
INSERT INTO tblSeat (seq, seat, reservationSeq) VALUES (48, 'R15', 14);

INSERT INTO tblSeat (seq, seat, reservationSeq) VALUES (49, 'Q14', 15);
INSERT INTO tblSeat (seq, seat, reservationSeq) VALUES (50, 'Q15', 15);
INSERT INTO tblSeat (seq, seat, reservationSeq) VALUES (51, 'Q16', 15);
INSERT INTO tblSeat (seq, seat, reservationSeq) VALUES (52, 'Q17', 15);

INSERT INTO tblSeat (seq, seat, reservationSeq) VALUES (53, 'P12', 16);
INSERT INTO tblSeat (seq, seat, reservationSeq) VALUES (54, 'P13', 16);

INSERT INTO tblSeat (seq, seat, reservationSeq) VALUES (55, 'P16', 17);

INSERT INTO tblSeat (seq, seat, reservationSeq) VALUES (56, 'O12', 18);
INSERT INTO tblSeat (seq, seat, reservationSeq) VALUES (57, 'O13', 18);
INSERT INTO tblSeat (seq, seat, reservationSeq) VALUES (58, 'O14', 18);
INSERT INTO tblSeat (seq, seat, reservationSeq) VALUES (59, 'O15', 18);

INSERT INTO tblSeat (seq, seat, reservationSeq) VALUES (60, 'N10', 19);
INSERT INTO tblSeat (seq, seat, reservationSeq) VALUES (61, 'N11', 19);
INSERT INTO tblSeat (seq, seat, reservationSeq) VALUES (62, 'N12', 19);
INSERT INTO tblSeat (seq, seat, reservationSeq) VALUES (63, 'N13', 19);

INSERT INTO tblSeat (seq, seat, reservationSeq) VALUES (64, 'N15', 20);
INSERT INTO tblSeat (seq, seat, reservationSeq) VALUES (65, 'N16', 20);

INSERT INTO tblSeat (seq, seat, reservationSeq) VALUES (66, 'M4', 21);
INSERT INTO tblSeat (seq, seat, reservationSeq) VALUES (67, 'M5', 21);
INSERT INTO tblSeat (seq, seat, reservationSeq) VALUES (68, 'M6', 21);
INSERT INTO tblSeat (seq, seat, reservationSeq) VALUES (69, 'M7', 21);
INSERT INTO tblSeat (seq, seat, reservationSeq) VALUES (70, 'M8', 21);
INSERT INTO tblSeat (seq, seat, reservationSeq) VALUES (71, 'M9', 21);

INSERT INTO tblSeat (seq, seat, reservationSeq) VALUES (72, 'M10', 22);
INSERT INTO tblSeat (seq, seat, reservationSeq) VALUES (73, 'M11', 22);
INSERT INTO tblSeat (seq, seat, reservationSeq) VALUES (74, 'M12', 22);
INSERT INTO tblSeat (seq, seat, reservationSeq) VALUES (75, 'M13', 22);
INSERT INTO tblSeat (seq, seat, reservationSeq) VALUES (76, 'M14', 22);
INSERT INTO tblSeat (seq, seat, reservationSeq) VALUES (77, 'M15', 22);

INSERT INTO tblSeat (seq, seat, reservationSeq) VALUES (78, 'L12', 23);
INSERT INTO tblSeat (seq, seat, reservationSeq) VALUES (79, 'L13', 23);
INSERT INTO tblSeat (seq, seat, reservationSeq) VALUES (80, 'L14', 23);

INSERT INTO tblSeat (seq, seat, reservationSeq) VALUES (81, 'I10', 24);
INSERT INTO tblSeat (seq, seat, reservationSeq) VALUES (82, 'I11', 24);
INSERT INTO tblSeat (seq, seat, reservationSeq) VALUES (83, 'I12', 24);
INSERT INTO tblSeat (seq, seat, reservationSeq) VALUES (84, 'I13', 24);
INSERT INTO tblSeat (seq, seat, reservationSeq) VALUES (85, 'I14', 24);
INSERT INTO tblSeat (seq, seat, reservationSeq) VALUES (86, 'I15', 24);
INSERT INTO tblSeat (seq, seat, reservationSeq) VALUES (87, 'I16', 24);
INSERT INTO tblSeat (seq, seat, reservationSeq) VALUES (88, 'I17', 24);

INSERT INTO tblSeat (seq, seat, reservationSeq) VALUES (89, 'H14', 25);
INSERT INTO tblSeat (seq, seat, reservationSeq) VALUES (90, 'H15', 25);

INSERT INTO tblSeat (seq, seat, reservationSeq) VALUES (91, 'H3', 26);
INSERT INTO tblSeat (seq, seat, reservationSeq) VALUES (92, 'H4', 26);


--3번 시간
INSERT INTO tblSeat (seq, seat, reservationSeq) VALUES (93, 'R14', 27);
INSERT INTO tblSeat (seq, seat, reservationSeq) VALUES (94, 'R15', 27);

INSERT INTO tblSeat (seq, seat, reservationSeq) VALUES (95, 'Q14', 28);
INSERT INTO tblSeat (seq, seat, reservationSeq) VALUES (96, 'Q15', 28);
INSERT INTO tblSeat (seq, seat, reservationSeq) VALUES (97, 'Q16', 28);
INSERT INTO tblSeat (seq, seat, reservationSeq) VALUES (98, 'Q17', 28);

INSERT INTO tblSeat (seq, seat, reservationSeq) VALUES (99, 'P12', 29);
INSERT INTO tblSeat (seq, seat, reservationSeq) VALUES (100, 'P13', 29);

INSERT INTO tblSeat (seq, seat, reservationSeq) VALUES (101, 'P16', 30);

INSERT INTO tblSeat (seq, seat, reservationSeq) VALUES (102, 'O12', 31);
INSERT INTO tblSeat (seq, seat, reservationSeq) VALUES (103, 'O13', 31);
INSERT INTO tblSeat (seq, seat, reservationSeq) VALUES (104, 'O14', 31);
INSERT INTO tblSeat (seq, seat, reservationSeq) VALUES (105, 'O15', 31);

INSERT INTO tblSeat (seq, seat, reservationSeq) VALUES (106, 'N10', 32);
INSERT INTO tblSeat (seq, seat, reservationSeq) VALUES (107, 'N11', 32);
INSERT INTO tblSeat (seq, seat, reservationSeq) VALUES (108, 'N12', 32);
INSERT INTO tblSeat (seq, seat, reservationSeq) VALUES (109, 'N13', 32);

INSERT INTO tblSeat (seq, seat, reservationSeq) VALUES (110, 'N15', 33);
INSERT INTO tblSeat (seq, seat, reservationSeq) VALUES (111, 'N16', 33);

INSERT INTO tblSeat (seq, seat, reservationSeq) VALUES (112, 'M4', 34);
INSERT INTO tblSeat (seq, seat, reservationSeq) VALUES (113, 'M5', 34);
INSERT INTO tblSeat (seq, seat, reservationSeq) VALUES (114, 'M6', 34);
INSERT INTO tblSeat (seq, seat, reservationSeq) VALUES (115, 'M7', 34);
INSERT INTO tblSeat (seq, seat, reservationSeq) VALUES (116, 'M8', 34);
INSERT INTO tblSeat (seq, seat, reservationSeq) VALUES (117, 'M9', 34);

INSERT INTO tblSeat (seq, seat, reservationSeq) VALUES (118, 'M10', 35);
INSERT INTO tblSeat (seq, seat, reservationSeq) VALUES (119, 'M11', 35);
INSERT INTO tblSeat (seq, seat, reservationSeq) VALUES (120, 'M12', 35);
INSERT INTO tblSeat (seq, seat, reservationSeq) VALUES (121, 'M13', 35);
INSERT INTO tblSeat (seq, seat, reservationSeq) VALUES (122, 'M14', 35);
INSERT INTO tblSeat (seq, seat, reservationSeq) VALUES (123, 'M15', 35);

INSERT INTO tblSeat (seq, seat, reservationSeq) VALUES (124, 'L12', 36);
INSERT INTO tblSeat (seq, seat, reservationSeq) VALUES (125, 'L13', 36);
INSERT INTO tblSeat (seq, seat, reservationSeq) VALUES (126, 'L14', 36);

INSERT INTO tblSeat (seq, seat, reservationSeq) VALUES (127, 'I10', 37);
INSERT INTO tblSeat (seq, seat, reservationSeq) VALUES (128, 'I11', 37);
INSERT INTO tblSeat (seq, seat, reservationSeq) VALUES (129, 'I12', 37);
INSERT INTO tblSeat (seq, seat, reservationSeq) VALUES (130, 'I13', 37);
INSERT INTO tblSeat (seq, seat, reservationSeq) VALUES (131, 'I14', 37);
INSERT INTO tblSeat (seq, seat, reservationSeq) VALUES (132, 'I15', 37);
INSERT INTO tblSeat (seq, seat, reservationSeq) VALUES (133, 'I16', 37);
INSERT INTO tblSeat (seq, seat, reservationSeq) VALUES (134, 'I17', 37);

INSERT INTO tblSeat (seq, seat, reservationSeq) VALUES (135, 'H14', 38);
INSERT INTO tblSeat (seq, seat, reservationSeq) VALUES (136, 'H15', 38);

INSERT INTO tblSeat (seq, seat, reservationSeq) VALUES (137, 'H3', 39);
INSERT INTO tblSeat (seq, seat, reservationSeq) VALUES (138, 'H4', 39);

--4번시간
INSERT INTO tblSeat (seq, seat, reservationSeq) VALUES (139, 'R14', 40);
INSERT INTO tblSeat (seq, seat, reservationSeq) VALUES (140, 'R15', 40);

INSERT INTO tblSeat (seq, seat, reservationSeq) VALUES (141, 'Q14', 41);
INSERT INTO tblSeat (seq, seat, reservationSeq) VALUES (142, 'Q15', 41);
INSERT INTO tblSeat (seq, seat, reservationSeq) VALUES (143, 'Q16', 41);
INSERT INTO tblSeat (seq, seat, reservationSeq) VALUES (144, 'Q17', 41);

INSERT INTO tblSeat (seq, seat, reservationSeq) VALUES (145, 'P12', 42);
INSERT INTO tblSeat (seq, seat, reservationSeq) VALUES (146, 'P13', 42);

INSERT INTO tblSeat (seq, seat, reservationSeq) VALUES (147, 'P16', 43);

INSERT INTO tblSeat (seq, seat, reservationSeq) VALUES (148, 'O12', 44);
INSERT INTO tblSeat (seq, seat, reservationSeq) VALUES (149, 'O13', 44);
INSERT INTO tblSeat (seq, seat, reservationSeq) VALUES (150, 'O14', 44);
INSERT INTO tblSeat (seq, seat, reservationSeq) VALUES (151, 'O15', 44);

INSERT INTO tblSeat (seq, seat, reservationSeq) VALUES (152, 'N10', 45);
INSERT INTO tblSeat (seq, seat, reservationSeq) VALUES (153, 'N11', 45);
INSERT INTO tblSeat (seq, seat, reservationSeq) VALUES (154, 'N12', 45);
INSERT INTO tblSeat (seq, seat, reservationSeq) VALUES (155, 'N13', 45);

INSERT INTO tblSeat (seq, seat, reservationSeq) VALUES (156, 'N15', 46);
INSERT INTO tblSeat (seq, seat, reservationSeq) VALUES (157, 'N16', 46);

INSERT INTO tblSeat (seq, seat, reservationSeq) VALUES (158, 'M4', 47);
INSERT INTO tblSeat (seq, seat, reservationSeq) VALUES (159, 'M5', 47);
INSERT INTO tblSeat (seq, seat, reservationSeq) VALUES (160, 'M6', 47);
INSERT INTO tblSeat (seq, seat, reservationSeq) VALUES (161, 'M7', 47);
INSERT INTO tblSeat (seq, seat, reservationSeq) VALUES (162, 'M8', 47);
INSERT INTO tblSeat (seq, seat, reservationSeq) VALUES (163, 'M9', 47);

INSERT INTO tblSeat (seq, seat, reservationSeq) VALUES (164, 'M10', 48);
INSERT INTO tblSeat (seq, seat, reservationSeq) VALUES (165, 'M11', 48);
INSERT INTO tblSeat (seq, seat, reservationSeq) VALUES (166, 'M12', 48);
INSERT INTO tblSeat (seq, seat, reservationSeq) VALUES (167, 'M13', 48);
INSERT INTO tblSeat (seq, seat, reservationSeq) VALUES (168, 'M14', 48);
INSERT INTO tblSeat (seq, seat, reservationSeq) VALUES (169, 'M15', 48);

INSERT INTO tblSeat (seq, seat, reservationSeq) VALUES (170, 'L12', 49);
INSERT INTO tblSeat (seq, seat, reservationSeq) VALUES (171, 'L13', 49);
INSERT INTO tblSeat (seq, seat, reservationSeq) VALUES (172, 'L14', 49);

INSERT INTO tblSeat (seq, seat, reservationSeq) VALUES (173, 'I10', 50);
INSERT INTO tblSeat (seq, seat, reservationSeq) VALUES (174, 'I11', 50);
INSERT INTO tblSeat (seq, seat, reservationSeq) VALUES (175, 'I12', 50);
INSERT INTO tblSeat (seq, seat, reservationSeq) VALUES (176, 'I13', 50);
INSERT INTO tblSeat (seq, seat, reservationSeq) VALUES (177, 'I14', 50);
INSERT INTO tblSeat (seq, seat, reservationSeq) VALUES (178, 'I15', 50);
INSERT INTO tblSeat (seq, seat, reservationSeq) VALUES (179, 'I16', 50);
INSERT INTO tblSeat (seq, seat, reservationSeq) VALUES (180, 'I17', 50);

INSERT INTO tblSeat (seq, seat, reservationSeq) VALUES (181, 'H14', 51);
INSERT INTO tblSeat (seq, seat, reservationSeq) VALUES (182, 'H15', 51);

INSERT INTO tblSeat (seq, seat, reservationSeq) VALUES (183, 'H3', 52);
INSERT INTO tblSeat (seq, seat, reservationSeq) VALUES (184, 'H4', 52);

--5번시간
INSERT INTO tblSeat (seq, seat, reservationSeq) VALUES (185, 'R14', 53);
INSERT INTO tblSeat (seq, seat, reservationSeq) VALUES (186, 'R15', 53);

INSERT INTO tblSeat (seq, seat, reservationSeq) VALUES (187, 'Q14', 54);
INSERT INTO tblSeat (seq, seat, reservationSeq) VALUES (188, 'Q15', 54);
INSERT INTO tblSeat (seq, seat, reservationSeq) VALUES (189, 'Q16', 54);
INSERT INTO tblSeat (seq, seat, reservationSeq) VALUES (190, 'Q17', 54);

INSERT INTO tblSeat (seq, seat, reservationSeq) VALUES (191, 'P12', 55);
INSERT INTO tblSeat (seq, seat, reservationSeq) VALUES (192, 'P13', 55);

INSERT INTO tblSeat (seq, seat, reservationSeq) VALUES (193, 'P16', 56);

INSERT INTO tblSeat (seq, seat, reservationSeq) VALUES (194, 'O12', 57);
INSERT INTO tblSeat (seq, seat, reservationSeq) VALUES (195, 'O13', 57);
INSERT INTO tblSeat (seq, seat, reservationSeq) VALUES (196, 'O14', 57);
INSERT INTO tblSeat (seq, seat, reservationSeq) VALUES (197, 'O15', 57);

INSERT INTO tblSeat (seq, seat, reservationSeq) VALUES (198, 'N10', 58);
INSERT INTO tblSeat (seq, seat, reservationSeq) VALUES (199, 'N11', 58);
INSERT INTO tblSeat (seq, seat, reservationSeq) VALUES (200, 'N12', 58);
INSERT INTO tblSeat (seq, seat, reservationSeq) VALUES (201, 'N13', 58);

INSERT INTO tblSeat (seq, seat, reservationSeq) VALUES (202, 'N15', 59);
INSERT INTO tblSeat (seq, seat, reservationSeq) VALUES (203, 'N16', 59);

INSERT INTO tblSeat (seq, seat, reservationSeq) VALUES (204, 'M4', 60);
INSERT INTO tblSeat (seq, seat, reservationSeq) VALUES (205, 'M5', 60);
INSERT INTO tblSeat (seq, seat, reservationSeq) VALUES (206, 'M6', 60);
INSERT INTO tblSeat (seq, seat, reservationSeq) VALUES (207, 'M7', 60);
INSERT INTO tblSeat (seq, seat, reservationSeq) VALUES (208, 'M8', 60);
INSERT INTO tblSeat (seq, seat, reservationSeq) VALUES (209, 'M9', 60);

INSERT INTO tblSeat (seq, seat, reservationSeq) VALUES (210, 'M10', 61);
INSERT INTO tblSeat (seq, seat, reservationSeq) VALUES (211, 'M11', 61);
INSERT INTO tblSeat (seq, seat, reservationSeq) VALUES (212, 'M12', 61);
INSERT INTO tblSeat (seq, seat, reservationSeq) VALUES (213, 'M13', 61);
INSERT INTO tblSeat (seq, seat, reservationSeq) VALUES (214, 'M14', 61);
INSERT INTO tblSeat (seq, seat, reservationSeq) VALUES (215, 'M15', 61);

INSERT INTO tblSeat (seq, seat, reservationSeq) VALUES (216, 'L12', 62);
INSERT INTO tblSeat (seq, seat, reservationSeq) VALUES (217, 'L13', 62);
INSERT INTO tblSeat (seq, seat, reservationSeq) VALUES (218, 'L14', 62);

INSERT INTO tblSeat (seq, seat, reservationSeq) VALUES (219, 'I10', 63);
INSERT INTO tblSeat (seq, seat, reservationSeq) VALUES (220, 'I11', 63);
INSERT INTO tblSeat (seq, seat, reservationSeq) VALUES (221, 'I12', 63);
INSERT INTO tblSeat (seq, seat, reservationSeq) VALUES (222, 'I13', 63);
INSERT INTO tblSeat (seq, seat, reservationSeq) VALUES (223, 'I14', 63);
INSERT INTO tblSeat (seq, seat, reservationSeq) VALUES (224, 'I15', 63);
INSERT INTO tblSeat (seq, seat, reservationSeq) VALUES (225, 'I16', 63);
INSERT INTO tblSeat (seq, seat, reservationSeq) VALUES (226, 'I17', 63);

INSERT INTO tblSeat (seq, seat, reservationSeq) VALUES (227, 'H14', 64);
INSERT INTO tblSeat (seq, seat, reservationSeq) VALUES (228, 'H15', 64);

INSERT INTO tblSeat (seq, seat, reservationSeq) VALUES (229, 'H3', 65);
INSERT INTO tblSeat (seq, seat, reservationSeq) VALUES (230, 'H4', 65);

--6번시간
INSERT INTO tblSeat (seq, seat, reservationSeq) VALUES (231, 'R14', 66);
INSERT INTO tblSeat (seq, seat, reservationSeq) VALUES (232, 'R15', 66);

INSERT INTO tblSeat (seq, seat, reservationSeq) VALUES (233, 'Q14', 67);
INSERT INTO tblSeat (seq, seat, reservationSeq) VALUES (234, 'Q15', 67);
INSERT INTO tblSeat (seq, seat, reservationSeq) VALUES (235, 'Q16', 67);
INSERT INTO tblSeat (seq, seat, reservationSeq) VALUES (236, 'Q17', 67);

INSERT INTO tblSeat (seq, seat, reservationSeq) VALUES (237, 'P12', 68);
INSERT INTO tblSeat (seq, seat, reservationSeq) VALUES (238, 'P13', 68);

INSERT INTO tblSeat (seq, seat, reservationSeq) VALUES (239, 'P16', 69);

INSERT INTO tblSeat (seq, seat, reservationSeq) VALUES (240, 'O12', 70);
INSERT INTO tblSeat (seq, seat, reservationSeq) VALUES (241, 'O13', 70);
INSERT INTO tblSeat (seq, seat, reservationSeq) VALUES (242, 'O14', 70);
INSERT INTO tblSeat (seq, seat, reservationSeq) VALUES (243, 'O15', 70);

INSERT INTO tblSeat (seq, seat, reservationSeq) VALUES (244, 'N10', 71);
INSERT INTO tblSeat (seq, seat, reservationSeq) VALUES (245, 'N11', 71);
INSERT INTO tblSeat (seq, seat, reservationSeq) VALUES (246, 'N12', 71);
INSERT INTO tblSeat (seq, seat, reservationSeq) VALUES (247, 'N13', 71);

INSERT INTO tblSeat (seq, seat, reservationSeq) VALUES (248, 'N15', 72);
INSERT INTO tblSeat (seq, seat, reservationSeq) VALUES (249, 'N16', 72);
                                                                 
INSERT INTO tblSeat (seq, seat, reservationSeq) VALUES (250, 'M4', 73);
INSERT INTO tblSeat (seq, seat, reservationSeq) VALUES (251, 'M5', 73);
INSERT INTO tblSeat (seq, seat, reservationSeq) VALUES (252, 'M6', 73);
INSERT INTO tblSeat (seq, seat, reservationSeq) VALUES (253, 'M7', 73);
INSERT INTO tblSeat (seq, seat, reservationSeq) VALUES (254, 'M8', 73);
INSERT INTO tblSeat (seq, seat, reservationSeq) VALUES (255, 'M9', 73);

INSERT INTO tblSeat (seq, seat, reservationSeq) VALUES (256, 'M10', 74);
INSERT INTO tblSeat (seq, seat, reservationSeq) VALUES (257, 'M11', 74);
INSERT INTO tblSeat (seq, seat, reservationSeq) VALUES (258, 'M12', 74);
INSERT INTO tblSeat (seq, seat, reservationSeq) VALUES (259, 'M13', 74);
INSERT INTO tblSeat (seq, seat, reservationSeq) VALUES (260, 'M14', 74);
INSERT INTO tblSeat (seq, seat, reservationSeq) VALUES (261, 'M15', 74);

INSERT INTO tblSeat (seq, seat, reservationSeq) VALUES (262, 'L12', 75);
INSERT INTO tblSeat (seq, seat, reservationSeq) VALUES (263, 'L13', 75);
INSERT INTO tblSeat (seq, seat, reservationSeq) VALUES (264, 'L14', 75);

INSERT INTO tblSeat (seq, seat, reservationSeq) VALUES (265, 'I10', 76);
INSERT INTO tblSeat (seq, seat, reservationSeq) VALUES (266, 'I11', 76);
INSERT INTO tblSeat (seq, seat, reservationSeq) VALUES (267, 'I12', 76);
INSERT INTO tblSeat (seq, seat, reservationSeq) VALUES (268, 'I13', 76);
INSERT INTO tblSeat (seq, seat, reservationSeq) VALUES (269, 'I14', 76);
INSERT INTO tblSeat (seq, seat, reservationSeq) VALUES (270, 'I15', 76);
INSERT INTO tblSeat (seq, seat, reservationSeq) VALUES (271, 'I16', 76);
INSERT INTO tblSeat (seq, seat, reservationSeq) VALUES (272, 'I17', 76);

INSERT INTO tblSeat (seq, seat, reservationSeq) VALUES (273, 'H14', 77);
INSERT INTO tblSeat (seq, seat, reservationSeq) VALUES (274, 'H15', 77);

INSERT INTO tblSeat (seq, seat, reservationSeq) VALUES (275, 'H3', 78);
INSERT INTO tblSeat (seq, seat, reservationSeq) VALUES (276, 'H4', 78);







--할인
--1번시간
INSERT INTO tblSale (seq, saleWay, discountPrice, reservationSeq) VALUES (1,  2, 1000, 1);
INSERT INTO tblSale (seq, saleWay, discountPrice, reservationSeq) VALUES (2,  1, 0, 2);
INSERT INTO tblSale (seq, saleWay, discountPrice, reservationSeq) VALUES (3,  2, 500, 3);
INSERT INTO tblSale (seq, saleWay, discountPrice, reservationSeq) VALUES (4,  1, 0, 4);
INSERT INTO tblSale (seq, saleWay, discountPrice, reservationSeq) VALUES (5,  1, 0, 5);
INSERT INTO tblSale (seq, saleWay, discountPrice, reservationSeq) VALUES (6,  2, 1500, 6);
INSERT INTO tblSale (seq, saleWay, discountPrice, reservationSeq) VALUES (7,  2, 1000, 7);
INSERT INTO tblSale (seq, saleWay, discountPrice, reservationSeq) VALUES (8,  1, 0, 8);
INSERT INTO tblSale (seq, saleWay, discountPrice, reservationSeq) VALUES (9,  1, 0, 9);
INSERT INTO tblSale (seq, saleWay, discountPrice, reservationSeq) VALUES (10, 1, 0, 10);
INSERT INTO tblSale (seq, saleWay, discountPrice, reservationSeq) VALUES (11, 1, 0, 11);
INSERT INTO tblSale (seq, saleWay, discountPrice, reservationSeq) VALUES (12, 1, 0, 12);
INSERT INTO tblSale (seq, saleWay, discountPrice, reservationSeq) VALUES (13, 2, 1000, 13);
--INSERT INTO tblSale (seq, saleWay, discountPrice) VALUES (14, 1, 0, 14);
--INSERT INTO tblSale (seq, saleWay, discountPrice) VALUES (15, 1, 0, 15);

--2번시간
INSERT INTO tblSale (seq, saleWay, discountPrice, reservationSeq) VALUES (14,  2, 1000, 14);
INSERT INTO tblSale (seq, saleWay, discountPrice, reservationSeq) VALUES (15,  1, 0, 15);
INSERT INTO tblSale (seq, saleWay, discountPrice, reservationSeq) VALUES (16,  2, 500, 16);
INSERT INTO tblSale (seq, saleWay, discountPrice, reservationSeq) VALUES (17,  1, 0, 17);
INSERT INTO tblSale (seq, saleWay, discountPrice, reservationSeq) VALUES (18,  1, 0, 18);
INSERT INTO tblSale (seq, saleWay, discountPrice, reservationSeq) VALUES (19,  2, 1500, 19);
INSERT INTO tblSale (seq, saleWay, discountPrice, reservationSeq) VALUES (20,  2, 1000, 20);
INSERT INTO tblSale (seq, saleWay, discountPrice, reservationSeq) VALUES (21,  1, 0, 21);
INSERT INTO tblSale (seq, saleWay, discountPrice, reservationSeq) VALUES (22,  1, 0, 22);
INSERT INTO tblSale (seq, saleWay, discountPrice, reservationSeq) VALUES (23, 1, 0, 23);
INSERT INTO tblSale (seq, saleWay, discountPrice, reservationSeq) VALUES (24, 1, 0, 24);
INSERT INTO tblSale (seq, saleWay, discountPrice, reservationSeq) VALUES (25, 1, 0, 25);
INSERT INTO tblSale (seq, saleWay, discountPrice, reservationSeq) VALUES (26, 2, 1000, 26);

--3번 시간
INSERT INTO tblSale (seq, saleWay, discountPrice, reservationSeq) VALUES (27,  2, 1000, 27);
INSERT INTO tblSale (seq, saleWay, discountPrice, reservationSeq) VALUES (28,  1, 0, 28);
INSERT INTO tblSale (seq, saleWay, discountPrice, reservationSeq) VALUES (29,  2, 500, 29);
INSERT INTO tblSale (seq, saleWay, discountPrice, reservationSeq) VALUES (30,  1, 0, 30);
INSERT INTO tblSale (seq, saleWay, discountPrice, reservationSeq) VALUES (31,  1, 0, 31);
INSERT INTO tblSale (seq, saleWay, discountPrice, reservationSeq) VALUES (32,  2, 1500, 32);
INSERT INTO tblSale (seq, saleWay, discountPrice, reservationSeq) VALUES (33,  2, 1000, 33);
INSERT INTO tblSale (seq, saleWay, discountPrice, reservationSeq) VALUES (34,  1, 0, 34);
INSERT INTO tblSale (seq, saleWay, discountPrice, reservationSeq) VALUES (35,  1, 0, 35);
INSERT INTO tblSale (seq, saleWay, discountPrice, reservationSeq) VALUES (36, 1, 0, 36);
INSERT INTO tblSale (seq, saleWay, discountPrice, reservationSeq) VALUES (37, 1, 0, 37);
INSERT INTO tblSale (seq, saleWay, discountPrice, reservationSeq) VALUES (38, 1, 0, 38);
INSERT INTO tblSale (seq, saleWay, discountPrice, reservationSeq) VALUES (39, 2, 1000, 39);

--4번 시간
INSERT INTO tblSale (seq, saleWay, discountPrice, reservationSeq) VALUES (40,  2, 1000, 40);
INSERT INTO tblSale (seq, saleWay, discountPrice, reservationSeq) VALUES (41,  1, 0, 41);
INSERT INTO tblSale (seq, saleWay, discountPrice, reservationSeq) VALUES (42,  2, 500, 42);
INSERT INTO tblSale (seq, saleWay, discountPrice, reservationSeq) VALUES (43,  1, 0, 43);
INSERT INTO tblSale (seq, saleWay, discountPrice, reservationSeq) VALUES (44,  1, 0, 44);
INSERT INTO tblSale (seq, saleWay, discountPrice, reservationSeq) VALUES (45,  2, 1500, 45);
INSERT INTO tblSale (seq, saleWay, discountPrice, reservationSeq) VALUES (46,  2, 1000, 46);
INSERT INTO tblSale (seq, saleWay, discountPrice, reservationSeq) VALUES (47,  1, 0, 47);
INSERT INTO tblSale (seq, saleWay, discountPrice, reservationSeq) VALUES (48,  1, 0, 48);
INSERT INTO tblSale (seq, saleWay, discountPrice, reservationSeq) VALUES (49, 1, 0, 49);
INSERT INTO tblSale (seq, saleWay, discountPrice, reservationSeq) VALUES (50, 1, 0, 50);
INSERT INTO tblSale (seq, saleWay, discountPrice, reservationSeq) VALUES (51, 1, 0, 51);
INSERT INTO tblSale (seq, saleWay, discountPrice, reservationSeq) VALUES (52, 2, 1000, 52);

--5번 시간
INSERT INTO tblSale (seq, saleWay, discountPrice, reservationSeq) VALUES (53,  2, 1000, 53);
INSERT INTO tblSale (seq, saleWay, discountPrice, reservationSeq) VALUES (54,  1, 0, 54);
INSERT INTO tblSale (seq, saleWay, discountPrice, reservationSeq) VALUES (55,  2, 500, 55);
INSERT INTO tblSale (seq, saleWay, discountPrice, reservationSeq) VALUES (56,  1, 0, 56);
INSERT INTO tblSale (seq, saleWay, discountPrice, reservationSeq) VALUES (57,  1, 0, 57);
INSERT INTO tblSale (seq, saleWay, discountPrice, reservationSeq) VALUES (58,  2, 1500, 58);
INSERT INTO tblSale (seq, saleWay, discountPrice, reservationSeq) VALUES (59,  2, 1000, 59);
INSERT INTO tblSale (seq, saleWay, discountPrice, reservationSeq) VALUES (60,  1, 0, 60);
INSERT INTO tblSale (seq, saleWay, discountPrice, reservationSeq) VALUES (61,  1, 0, 61);
INSERT INTO tblSale (seq, saleWay, discountPrice, reservationSeq) VALUES (62, 1, 0, 62);
INSERT INTO tblSale (seq, saleWay, discountPrice, reservationSeq) VALUES (63, 1, 0, 63);
INSERT INTO tblSale (seq, saleWay, discountPrice, reservationSeq) VALUES (64, 1, 0, 64);
INSERT INTO tblSale (seq, saleWay, discountPrice, reservationSeq) VALUES (65, 2, 1000, 65);

--6번 시간
INSERT INTO tblSale (seq, saleWay, discountPrice, reservationSeq) VALUES (66,  2, 1000, 66);
INSERT INTO tblSale (seq, saleWay, discountPrice, reservationSeq) VALUES (67,  1, 0, 67);
INSERT INTO tblSale (seq, saleWay, discountPrice, reservationSeq) VALUES (68,  2, 500, 68);
INSERT INTO tblSale (seq, saleWay, discountPrice, reservationSeq) VALUES (69,  1, 0, 69);
INSERT INTO tblSale (seq, saleWay, discountPrice, reservationSeq) VALUES (70,  1, 0, 70);
INSERT INTO tblSale (seq, saleWay, discountPrice, reservationSeq) VALUES (71,  2, 1500, 71);
INSERT INTO tblSale (seq, saleWay, discountPrice, reservationSeq) VALUES (72,  2, 1000, 72);
INSERT INTO tblSale (seq, saleWay, discountPrice, reservationSeq) VALUES (73,  1, 0, 73);
INSERT INTO tblSale (seq, saleWay, discountPrice, reservationSeq) VALUES (74,  1, 0, 74);
INSERT INTO tblSale (seq, saleWay, discountPrice, reservationSeq) VALUES (75, 1, 0, 75);
INSERT INTO tblSale (seq, saleWay, discountPrice, reservationSeq) VALUES (76, 1, 0, 76);
INSERT INTO tblSale (seq, saleWay, discountPrice, reservationSeq) VALUES (77, 1, 0, 77);
INSERT INTO tblSale (seq, saleWay, discountPrice, reservationSeq) VALUES (78, 2, 1000, 78);



--결제
--1번시간
INSERT INTO tblPay (seq, payWay, payPrice, saleSeq) VALUES (1, 1, 19000, 1);
INSERT INTO tblPay (seq, payWay, payPrice, saleSeq) VALUES (2, 1, 36000, 2);
INSERT INTO tblPay (seq, payWay, payPrice, saleSeq) VALUES (3, 1, 17500, 3);
INSERT INTO tblPay (seq, payWay, payPrice, saleSeq) VALUES (4, 1, 8000, 4);
INSERT INTO tblPay (seq, payWay, payPrice, saleSeq) VALUES (5, 1, 24000, 5);
INSERT INTO tblPay (seq, payWay, payPrice, saleSeq) VALUES (6, 1, 28500, 6);
INSERT INTO tblPay (seq, payWay, payPrice, saleSeq) VALUES (7, 1, 15000, 7);
INSERT INTO tblPay (seq, payWay, payPrice, saleSeq) VALUES (8, 1, 48000, 8);
INSERT INTO tblPay (seq, payWay, payPrice, saleSeq) VALUES (9, 1, 54000, 9);
INSERT INTO tblPay (seq, payWay, payPrice, saleSeq) VALUES (10, 1, 24000, 10);
INSERT INTO tblPay (seq, payWay, payPrice, saleSeq) VALUES (11, 1, 62000, 11);
INSERT INTO tblPay (seq, payWay, payPrice, saleSeq) VALUES (12, 1, 36000, 12);
INSERT INTO tblPay (seq, payWay, payPrice, saleSeq) VALUES (13, 1, 19000, 13);
--INSERT INTO tblPay (seq, payWay, payPrice, saleSeq) VALUES (14, 1, 44000, 14);
--INSERT INTO tblPay (seq, payWay, payPrice, saleSeq) VALUES (15, 1, 72000, 15);


--2번시간
INSERT INTO tblPay (seq, payWay, payPrice, saleSeq) VALUES (14, 1, 19000, 14);
INSERT INTO tblPay (seq, payWay, payPrice, saleSeq) VALUES (15, 1, 36000, 15);
INSERT INTO tblPay (seq, payWay, payPrice, saleSeq) VALUES (16, 1, 17500, 16);
INSERT INTO tblPay (seq, payWay, payPrice, saleSeq) VALUES (17, 1, 8000, 17);
INSERT INTO tblPay (seq, payWay, payPrice, saleSeq) VALUES (18, 1, 24000, 18);
INSERT INTO tblPay (seq, payWay, payPrice, saleSeq) VALUES (19, 1, 28500, 19);
INSERT INTO tblPay (seq, payWay, payPrice, saleSeq) VALUES (20, 1, 15000, 20);
INSERT INTO tblPay (seq, payWay, payPrice, saleSeq) VALUES (21, 1, 48000, 21);
INSERT INTO tblPay (seq, payWay, payPrice, saleSeq) VALUES (22, 1, 54000, 22);
INSERT INTO tblPay (seq, payWay, payPrice, saleSeq) VALUES (23, 1, 24000, 23);
INSERT INTO tblPay (seq, payWay, payPrice, saleSeq) VALUES (24, 1, 62000, 24);
INSERT INTO tblPay (seq, payWay, payPrice, saleSeq) VALUES (25, 1, 36000, 25);
INSERT INTO tblPay (seq, payWay, payPrice, saleSeq) VALUES (26, 1, 19000, 26);


--3번시간
INSERT INTO tblPay (seq, payWay, payPrice, saleSeq) VALUES (27, 1, 19000, 27);
INSERT INTO tblPay (seq, payWay, payPrice, saleSeq) VALUES (28, 1, 36000, 28);
INSERT INTO tblPay (seq, payWay, payPrice, saleSeq) VALUES (29, 1, 17500, 29);
INSERT INTO tblPay (seq, payWay, payPrice, saleSeq) VALUES (30, 1, 8000, 30);
INSERT INTO tblPay (seq, payWay, payPrice, saleSeq) VALUES (31, 1, 24000, 31);
INSERT INTO tblPay (seq, payWay, payPrice, saleSeq) VALUES (32, 1, 28500, 32);
INSERT INTO tblPay (seq, payWay, payPrice, saleSeq) VALUES (33, 1, 15000, 33);
INSERT INTO tblPay (seq, payWay, payPrice, saleSeq) VALUES (34, 1, 48000, 34);
INSERT INTO tblPay (seq, payWay, payPrice, saleSeq) VALUES (35, 1, 54000, 35);
INSERT INTO tblPay (seq, payWay, payPrice, saleSeq) VALUES (36, 1, 24000, 36);
INSERT INTO tblPay (seq, payWay, payPrice, saleSeq) VALUES (37, 1, 62000, 37);
INSERT INTO tblPay (seq, payWay, payPrice, saleSeq) VALUES (38, 1, 36000, 38);
INSERT INTO tblPay (seq, payWay, payPrice, saleSeq) VALUES (39, 1, 19000, 39);

--4번시간
INSERT INTO tblPay (seq, payWay, payPrice, saleSeq) VALUES (40, 1, 19000, 40);
INSERT INTO tblPay (seq, payWay, payPrice, saleSeq) VALUES (41, 1, 36000, 41);
INSERT INTO tblPay (seq, payWay, payPrice, saleSeq) VALUES (42, 1, 17500, 42);
INSERT INTO tblPay (seq, payWay, payPrice, saleSeq) VALUES (43, 1, 8000, 43);
INSERT INTO tblPay (seq, payWay, payPrice, saleSeq) VALUES (44, 1, 24000, 44);
INSERT INTO tblPay (seq, payWay, payPrice, saleSeq) VALUES (45, 1, 28500, 45);
INSERT INTO tblPay (seq, payWay, payPrice, saleSeq) VALUES (46, 1, 15000, 46);
INSERT INTO tblPay (seq, payWay, payPrice, saleSeq) VALUES (47, 1, 48000, 47);
INSERT INTO tblPay (seq, payWay, payPrice, saleSeq) VALUES (48, 1, 54000, 48);
INSERT INTO tblPay (seq, payWay, payPrice, saleSeq) VALUES (49, 1, 24000, 49);
INSERT INTO tblPay (seq, payWay, payPrice, saleSeq) VALUES (50, 1, 62000, 50);
INSERT INTO tblPay (seq, payWay, payPrice, saleSeq) VALUES (51, 1, 36000, 51);
INSERT INTO tblPay (seq, payWay, payPrice, saleSeq) VALUES (52, 1, 19000, 52);

--5번시간
INSERT INTO tblPay (seq, payWay, payPrice, saleSeq) VALUES (53, 1, 19000, 53);
INSERT INTO tblPay (seq, payWay, payPrice, saleSeq) VALUES (54, 1, 36000, 54);
INSERT INTO tblPay (seq, payWay, payPrice, saleSeq) VALUES (55, 1, 17500, 55);
INSERT INTO tblPay (seq, payWay, payPrice, saleSeq) VALUES (56, 1, 8000, 56);
INSERT INTO tblPay (seq, payWay, payPrice, saleSeq) VALUES (57, 1, 24000, 57);
INSERT INTO tblPay (seq, payWay, payPrice, saleSeq) VALUES (58, 1, 28500, 58);
INSERT INTO tblPay (seq, payWay, payPrice, saleSeq) VALUES (59, 1, 15000, 59);
INSERT INTO tblPay (seq, payWay, payPrice, saleSeq) VALUES (60, 1, 48000, 60);
INSERT INTO tblPay (seq, payWay, payPrice, saleSeq) VALUES (61, 1, 54000, 61);
INSERT INTO tblPay (seq, payWay, payPrice, saleSeq) VALUES (62, 1, 24000, 62);
INSERT INTO tblPay (seq, payWay, payPrice, saleSeq) VALUES (63, 1, 62000, 63);
INSERT INTO tblPay (seq, payWay, payPrice, saleSeq) VALUES (64, 1, 36000, 64);
INSERT INTO tblPay (seq, payWay, payPrice, saleSeq) VALUES (65, 1, 19000, 65);

--6번시간
INSERT INTO tblPay (seq, payWay, payPrice, saleSeq) VALUES (66, 1, 19000, 66);
INSERT INTO tblPay (seq, payWay, payPrice, saleSeq) VALUES (67, 1, 36000, 67);
INSERT INTO tblPay (seq, payWay, payPrice, saleSeq) VALUES (68, 1, 17500, 68);
INSERT INTO tblPay (seq, payWay, payPrice, saleSeq) VALUES (69, 1, 8000, 69);
INSERT INTO tblPay (seq, payWay, payPrice, saleSeq) VALUES (70, 1, 24000, 70);
INSERT INTO tblPay (seq, payWay, payPrice, saleSeq) VALUES (71, 1, 28500, 71);
INSERT INTO tblPay (seq, payWay, payPrice, saleSeq) VALUES (72, 1, 15000, 72);
INSERT INTO tblPay (seq, payWay, payPrice, saleSeq) VALUES (73, 1, 48000, 73);
INSERT INTO tblPay (seq, payWay, payPrice, saleSeq) VALUES (74, 1, 54000, 74);
INSERT INTO tblPay (seq, payWay, payPrice, saleSeq) VALUES (75, 1, 24000, 75);
INSERT INTO tblPay (seq, payWay, payPrice, saleSeq) VALUES (76, 1, 62000, 76);
INSERT INTO tblPay (seq, payWay, payPrice, saleSeq) VALUES (77, 1, 36000, 77);
INSERT INTO tblPay (seq, payWay, payPrice, saleSeq) VALUES (78, 1, 19000, 78);



--포인트 적립 사용 내역
--1번 시간
INSERT INTO tblMileage (seq, detail, point, userSeq, saleSeq) VALUES (1, 2, -1000, 1, 1);
INSERT INTO tblMileage (seq, detail, point, userSeq, saleSeq) VALUES (2, 1, 360, 2, 2);
INSERT INTO tblMileage (seq, detail, point, userSeq, saleSeq) VALUES (3, 2, -500, 3, 3);
INSERT INTO tblMileage (seq, detail, point, userSeq, saleSeq) VALUES (4, 1, 80, 4, 4);
INSERT INTO tblMileage (seq, detail, point, userSeq, saleSeq) VALUES (5, 1, 240, 5, 5);
INSERT INTO tblMileage (seq, detail, point, userSeq, saleSeq) VALUES (6, 2, -1500, 6, 6);
INSERT INTO tblMileage (seq, detail, point, userSeq, saleSeq) VALUES (7, 2, -1000, 7, 7);
INSERT INTO tblMileage (seq, detail, point, userSeq, saleSeq) VALUES (8, 1, 480, 8, 8);
INSERT INTO tblMileage (seq, detail, point, userSeq, saleSeq) VALUES (9, 1, 540, 9, 9);
INSERT INTO tblMileage (seq, detail, point, userSeq, saleSeq) VALUES (10, 1, 240, 10, 10);
INSERT INTO tblMileage (seq, detail, point, userSeq, saleSeq) VALUES (11, 1, 620, 11, 11);
INSERT INTO tblMileage (seq, detail, point, userSeq, saleSeq) VALUES (12, 1, 360, 12, 12);
INSERT INTO tblMileage (seq, detail, point, userSeq, saleSeq) VALUES (13, 2, -1000, 13, 13);
--INSERT INTO tblMileage (seq, detail, point, userSeq, saleSeq) VALUES (14, 1, 440, 14, 14);
--INSERT INTO tblMileage (seq, detail, point, userSeq, saleSeq) VALUES (15, 1, 720, 15, 15);

--2번시간
INSERT INTO tblMileage (seq, detail, point, userSeq, saleSeq) VALUES (14, 2, -1000, 1, 14);
INSERT INTO tblMileage (seq, detail, point, userSeq, saleSeq) VALUES (15, 1, 360, 2, 15);
INSERT INTO tblMileage (seq, detail, point, userSeq, saleSeq) VALUES (16, 2, -500, 3, 16);
INSERT INTO tblMileage (seq, detail, point, userSeq, saleSeq) VALUES (17, 1, 80, 4, 17);
INSERT INTO tblMileage (seq, detail, point, userSeq, saleSeq) VALUES (18, 1, 240, 5, 18);
INSERT INTO tblMileage (seq, detail, point, userSeq, saleSeq) VALUES (19, 2, -1500, 6, 19);
INSERT INTO tblMileage (seq, detail, point, userSeq, saleSeq) VALUES (20, 2, -1000, 7, 20);
INSERT INTO tblMileage (seq, detail, point, userSeq, saleSeq) VALUES (21, 1, 480, 8, 21);
INSERT INTO tblMileage (seq, detail, point, userSeq, saleSeq) VALUES (22, 1, 540, 9, 22);
INSERT INTO tblMileage (seq, detail, point, userSeq, saleSeq) VALUES (23, 1, 240, 10, 23);
INSERT INTO tblMileage (seq, detail, point, userSeq, saleSeq) VALUES (24, 1, 620, 11, 24);
INSERT INTO tblMileage (seq, detail, point, userSeq, saleSeq) VALUES (25, 1, 360, 12, 25);
INSERT INTO tblMileage (seq, detail, point, userSeq, saleSeq) VALUES (26, 2, -1000, 13, 26);


--3번시간
INSERT INTO tblMileage (seq, detail, point, userSeq, saleSeq) VALUES (27, 2, -1000, 1, 27);
INSERT INTO tblMileage (seq, detail, point, userSeq, saleSeq) VALUES (28, 1, 360, 2, 28);
INSERT INTO tblMileage (seq, detail, point, userSeq, saleSeq) VALUES (29, 2, -500, 3, 29);
INSERT INTO tblMileage (seq, detail, point, userSeq, saleSeq) VALUES (30, 1, 80, 4, 30);
INSERT INTO tblMileage (seq, detail, point, userSeq, saleSeq) VALUES (31, 1, 240, 5, 31);
INSERT INTO tblMileage (seq, detail, point, userSeq, saleSeq) VALUES (32, 2, -1500, 6, 32);
INSERT INTO tblMileage (seq, detail, point, userSeq, saleSeq) VALUES (33, 2, -1000, 7, 33);
INSERT INTO tblMileage (seq, detail, point, userSeq, saleSeq) VALUES (34, 1, 480, 8, 34);
INSERT INTO tblMileage (seq, detail, point, userSeq, saleSeq) VALUES (35, 1, 540, 9, 35);
INSERT INTO tblMileage (seq, detail, point, userSeq, saleSeq) VALUES (36, 1, 240, 10, 36);
INSERT INTO tblMileage (seq, detail, point, userSeq, saleSeq) VALUES (37, 1, 620, 11, 37);
INSERT INTO tblMileage (seq, detail, point, userSeq, saleSeq) VALUES (38, 1, 360, 12, 38);
INSERT INTO tblMileage (seq, detail, point, userSeq, saleSeq) VALUES (39, 2, -1000, 13, 39);

--4번시간
INSERT INTO tblMileage (seq, detail, point, userSeq, saleSeq) VALUES (40, 2, -1000, 1, 40);
INSERT INTO tblMileage (seq, detail, point, userSeq, saleSeq) VALUES (41, 1, 360, 2, 41);
INSERT INTO tblMileage (seq, detail, point, userSeq, saleSeq) VALUES (42, 2, -500, 3, 42);
INSERT INTO tblMileage (seq, detail, point, userSeq, saleSeq) VALUES (43, 1, 80, 4, 43);
INSERT INTO tblMileage (seq, detail, point, userSeq, saleSeq) VALUES (44, 1, 240, 5, 44);
INSERT INTO tblMileage (seq, detail, point, userSeq, saleSeq) VALUES (45, 2, -1500, 6, 45);
INSERT INTO tblMileage (seq, detail, point, userSeq, saleSeq) VALUES (46, 2, -1000, 7, 46);
INSERT INTO tblMileage (seq, detail, point, userSeq, saleSeq) VALUES (47, 1, 480, 8, 47);
INSERT INTO tblMileage (seq, detail, point, userSeq, saleSeq) VALUES (48, 1, 540, 9, 48);
INSERT INTO tblMileage (seq, detail, point, userSeq, saleSeq) VALUES (49, 1, 240, 10, 49);
INSERT INTO tblMileage (seq, detail, point, userSeq, saleSeq) VALUES (50, 1, 620, 11, 50);
INSERT INTO tblMileage (seq, detail, point, userSeq, saleSeq) VALUES (51, 1, 360, 12, 51);
INSERT INTO tblMileage (seq, detail, point, userSeq, saleSeq) VALUES (52, 2, -1000, 13, 52);

--5번시간
INSERT INTO tblMileage (seq, detail, point, userSeq, saleSeq) VALUES (53, 2, -1000, 1, 53);
INSERT INTO tblMileage (seq, detail, point, userSeq, saleSeq) VALUES (54, 1, 360, 2, 54);
INSERT INTO tblMileage (seq, detail, point, userSeq, saleSeq) VALUES (55, 2, -500, 3, 55);
INSERT INTO tblMileage (seq, detail, point, userSeq, saleSeq) VALUES (56, 1, 80, 4, 56);
INSERT INTO tblMileage (seq, detail, point, userSeq, saleSeq) VALUES (57, 1, 240, 5, 57);
INSERT INTO tblMileage (seq, detail, point, userSeq, saleSeq) VALUES (58, 2, -1500, 6, 58);
INSERT INTO tblMileage (seq, detail, point, userSeq, saleSeq) VALUES (59, 2, -1000, 7, 59);
INSERT INTO tblMileage (seq, detail, point, userSeq, saleSeq) VALUES (60, 1, 480, 8, 60);
INSERT INTO tblMileage (seq, detail, point, userSeq, saleSeq) VALUES (61, 1, 540, 9, 61);
INSERT INTO tblMileage (seq, detail, point, userSeq, saleSeq) VALUES (62, 1, 240, 10, 62);
INSERT INTO tblMileage (seq, detail, point, userSeq, saleSeq) VALUES (63, 1, 620, 11, 63);
INSERT INTO tblMileage (seq, detail, point, userSeq, saleSeq) VALUES (64, 1, 360, 12, 64);
INSERT INTO tblMileage (seq, detail, point, userSeq, saleSeq) VALUES (65, 2, -1000, 13, 65);

--6번시간
INSERT INTO tblMileage (seq, detail, point, userSeq, saleSeq) VALUES (66, 2, -1000, 1, 66);
INSERT INTO tblMileage (seq, detail, point, userSeq, saleSeq) VALUES (67, 1, 360, 2, 67);
INSERT INTO tblMileage (seq, detail, point, userSeq, saleSeq) VALUES (68, 2, -500, 3, 68);
INSERT INTO tblMileage (seq, detail, point, userSeq, saleSeq) VALUES (69, 1, 80, 4, 69);
INSERT INTO tblMileage (seq, detail, point, userSeq, saleSeq) VALUES (70, 1, 240, 5, 70);
INSERT INTO tblMileage (seq, detail, point, userSeq, saleSeq) VALUES (71, 2, -1500, 6, 71);
INSERT INTO tblMileage (seq, detail, point, userSeq, saleSeq) VALUES (72, 2, -1000, 7, 72);
INSERT INTO tblMileage (seq, detail, point, userSeq, saleSeq) VALUES (73, 1, 480, 8, 73);
INSERT INTO tblMileage (seq, detail, point, userSeq, saleSeq) VALUES (74, 1, 540, 9, 74);
INSERT INTO tblMileage (seq, detail, point, userSeq, saleSeq) VALUES (75, 1, 240, 10, 75);
INSERT INTO tblMileage (seq, detail, point, userSeq, saleSeq) VALUES (76, 1, 620, 11, 76);
INSERT INTO tblMileage (seq, detail, point, userSeq, saleSeq) VALUES (77, 1, 360, 12, 77);
INSERT INTO tblMileage (seq, detail, point, userSeq, saleSeq) VALUES (78, 2, -1000, 13, 78);







--------------그래프 성비,연령대 위한 추가
--1번시간
INSERT INTO tblReservation (seq, adult, teen, senior, total, userSeq, screenTimeSeq) VALUES (79, 3, 4, 3, 10, 1, 55);

INSERT INTO tblReservePay (seq, totalPrice, reservationSeq) VALUES (79, 80000, 79);

INSERT INTO tblSeat (seq, seat, reservationSeq) VALUES (277, 'P4', 79);
INSERT INTO tblSeat (seq, seat, reservationSeq) VALUES (278, 'P5', 79);
INSERT INTO tblSeat (seq, seat, reservationSeq) VALUES (279, 'P6', 79);
INSERT INTO tblSeat (seq, seat, reservationSeq) VALUES (280, 'P7', 79);
INSERT INTO tblSeat (seq, seat, reservationSeq) VALUES (281, 'P8', 79);
INSERT INTO tblSeat (seq, seat, reservationSeq) VALUES (282, 'Q4', 79);
INSERT INTO tblSeat (seq, seat, reservationSeq) VALUES (283, 'Q5', 79);
INSERT INTO tblSeat (seq, seat, reservationSeq) VALUES (284, 'Q6', 79);
INSERT INTO tblSeat (seq, seat, reservationSeq) VALUES (285, 'Q7', 79);
INSERT INTO tblSeat (seq, seat, reservationSeq) VALUES (286, 'Q8', 79);

INSERT INTO tblSale (seq, saleWay, discountPrice, reservationSeq) VALUES (79,  2, 1000, 79);

INSERT INTO tblPay (seq, payWay, payPrice, saleSeq) VALUES (79, 1, 79000, 79);

INSERT INTO tblMileage (seq, detail, point, userSeq, saleSeq) VALUES (79, 2, -1000, 1, 79);

-----------
INSERT INTO tblReservation (seq, adult, teen, senior, total, userSeq, screenTimeSeq) VALUES (80, 2, 2, 2, 6, 6, 56);

INSERT INTO tblReservePay (seq, totalPrice, reservationSeq) VALUES (80, 48000, 80);

INSERT INTO tblSeat (seq, seat, reservationSeq) VALUES (287, 'E5', 80);
INSERT INTO tblSeat (seq, seat, reservationSeq) VALUES (288, 'E6', 80);
INSERT INTO tblSeat (seq, seat, reservationSeq) VALUES (289, 'E7', 80);
INSERT INTO tblSeat (seq, seat, reservationSeq) VALUES (290, 'F5', 80);
INSERT INTO tblSeat (seq, seat, reservationSeq) VALUES (291, 'F6', 80);
INSERT INTO tblSeat (seq, seat, reservationSeq) VALUES (292, 'F7', 80);

INSERT INTO tblSale (seq, saleWay, discountPrice, reservationSeq) VALUES (80,  1, 0, 80);

INSERT INTO tblPay (seq, payWay, payPrice, saleSeq) VALUES (80, 1, 48000, 80);

INSERT INTO tblMileage (seq, detail, point, userSeq, saleSeq) VALUES (80, 1, 480, 6, 80);

-----------
INSERT INTO tblReservation (seq, adult, teen, senior, total, userSeq, screenTimeSeq) VALUES (81, 1, 1, 0, 2, 8, 56);

INSERT INTO tblReservePay (seq, totalPrice, reservationSeq) VALUES (81, 18000, 81);

INSERT INTO tblSeat (seq, seat, reservationSeq) VALUES (293, 'G13', 81);
INSERT INTO tblSeat (seq, seat, reservationSeq) VALUES (294, 'G14', 81);

INSERT INTO tblSale (seq, saleWay, discountPrice, reservationSeq) VALUES (81,  1, 0, 81);

INSERT INTO tblPay (seq, payWay, payPrice, saleSeq) VALUES (81, 1, 18000, 81);

INSERT INTO tblMileage (seq, detail, point, userSeq, saleSeq) VALUES (81, 1, 480, 8, 81);

-----------
INSERT INTO tblReservation (seq, adult, teen, senior, total, userSeq, screenTimeSeq) VALUES (82, 1, 1, 0, 2, 8, 57);

INSERT INTO tblReservePay (seq, totalPrice, reservationSeq) VALUES (82, 18000, 82);

INSERT INTO tblSeat (seq, seat, reservationSeq) VALUES (295, 'E17', 82);
INSERT INTO tblSeat (seq, seat, reservationSeq) VALUES (296, 'E18', 82);

INSERT INTO tblSale (seq, saleWay, discountPrice, reservationSeq) VALUES (82,  1, 0, 82);

INSERT INTO tblPay (seq, payWay, payPrice, saleSeq) VALUES (82, 1, 18000, 82);

INSERT INTO tblMileage (seq, detail, point, userSeq, saleSeq) VALUES (82, 1, 480, 8, 82);
-----------
INSERT INTO tblReservation (seq, adult, teen, senior, total, userSeq, screenTimeSeq) VALUES (83, 1, 1, 0, 2, 8, 57);

INSERT INTO tblReservePay (seq, totalPrice, reservationSeq) VALUES (83, 18000, 83);

INSERT INTO tblSeat (seq, seat, reservationSeq) VALUES (297, 'J14', 83);
INSERT INTO tblSeat (seq, seat, reservationSeq) VALUES (298, 'J15', 83);

INSERT INTO tblSale (seq, saleWay, discountPrice, reservationSeq) VALUES (83,  1, 0, 83);

INSERT INTO tblPay (seq, payWay, payPrice, saleSeq) VALUES (83, 1, 18000, 83);

INSERT INTO tblMileage (seq, detail, point, userSeq, saleSeq) VALUES (83, 1, 480, 8, 83);
-----------
INSERT INTO tblReservation (seq, adult, teen, senior, total, userSeq, screenTimeSeq) VALUES (84, 1, 1, 0, 2, 8, 58);

INSERT INTO tblReservePay (seq, totalPrice, reservationSeq) VALUES (84, 18000, 84);

INSERT INTO tblSeat (seq, seat, reservationSeq) VALUES (299, 'K2', 84);
INSERT INTO tblSeat (seq, seat, reservationSeq) VALUES (300, 'K3', 84);

INSERT INTO tblSale (seq, saleWay, discountPrice, reservationSeq) VALUES (84,  1, 0, 84);

INSERT INTO tblPay (seq, payWay, payPrice, saleSeq) VALUES (84, 1, 18000, 84);

INSERT INTO tblMileage (seq, detail, point, userSeq, saleSeq) VALUES (84, 1, 480, 8, 84);
-----------
INSERT INTO tblReservation (seq, adult, teen, senior, total, userSeq, screenTimeSeq) VALUES (85, 1, 1, 0, 2, 8, 58);

INSERT INTO tblReservePay (seq, totalPrice, reservationSeq) VALUES (85, 18000, 85);

INSERT INTO tblSeat (seq, seat, reservationSeq) VALUES (301, 'L8', 85);
INSERT INTO tblSeat (seq, seat, reservationSeq) VALUES (302, 'L9', 85);

INSERT INTO tblSale (seq, saleWay, discountPrice, reservationSeq) VALUES (85,  1, 0, 85);

INSERT INTO tblPay (seq, payWay, payPrice, saleSeq) VALUES (85, 1, 18000, 85);

INSERT INTO tblMileage (seq, detail, point, userSeq, saleSeq) VALUES (85, 1, 480, 8, 85);
-----------
INSERT INTO tblReservation (seq, adult, teen, senior, total, userSeq, screenTimeSeq) VALUES (86, 1, 1, 0, 2, 8, 59);

INSERT INTO tblReservePay (seq, totalPrice, reservationSeq) VALUES (86, 18000, 86);

INSERT INTO tblSeat (seq, seat, reservationSeq) VALUES (303, 'K17', 86);
INSERT INTO tblSeat (seq, seat, reservationSeq) VALUES (304, 'K18', 86);

INSERT INTO tblSale (seq, saleWay, discountPrice, reservationSeq) VALUES (86,  1, 0, 86);

INSERT INTO tblPay (seq, payWay, payPrice, saleSeq) VALUES (86, 1, 18000, 86);

INSERT INTO tblMileage (seq, detail, point, userSeq, saleSeq) VALUES (86, 1, 480, 8, 86);

-----------
INSERT INTO tblReservation (seq, adult, teen, senior, total, userSeq, screenTimeSeq) VALUES (87, 1, 1, 0, 2, 8, 59);

INSERT INTO tblReservePay (seq, totalPrice, reservationSeq) VALUES (87, 18000, 87);

INSERT INTO tblSeat (seq, seat, reservationSeq) VALUES (305, 'I8', 86);
INSERT INTO tblSeat (seq, seat, reservationSeq) VALUES (306, 'I9', 86);

INSERT INTO tblSale (seq, saleWay, discountPrice, reservationSeq) VALUES (87,  1, 0, 87);

INSERT INTO tblPay (seq, payWay, payPrice, saleSeq) VALUES (87, 1, 18000, 87);

INSERT INTO tblMileage (seq, detail, point, userSeq, saleSeq) VALUES (87, 1, 480, 8, 87);
-----------
INSERT INTO tblReservation (seq, adult, teen, senior, total, userSeq, screenTimeSeq) VALUES (88, 1, 1, 0, 2, 8, 60);

INSERT INTO tblReservePay (seq, totalPrice, reservationSeq) VALUES (88, 18000, 88);

INSERT INTO tblSeat (seq, seat, reservationSeq) VALUES (305, 'H11', 88);
INSERT INTO tblSeat (seq, seat, reservationSeq) VALUES (306, 'H12', 88);

INSERT INTO tblSale (seq, saleWay, discountPrice, reservationSeq) VALUES (88,  1, 0, 88);

INSERT INTO tblPay (seq, payWay, payPrice, saleSeq) VALUES (88, 1, 18000, 88);

INSERT INTO tblMileage (seq, detail, point, userSeq, saleSeq) VALUES (88, 1, 480, 8, 88);
-----------
INSERT INTO tblReservation (seq, adult, teen, senior, total, userSeq, screenTimeSeq) VALUES (89, 1, 1, 0, 2, 8, 60);

INSERT INTO tblReservePay (seq, totalPrice, reservationSeq) VALUES (89, 18000, 89);

INSERT INTO tblSeat (seq, seat, reservationSeq) VALUES (307, 'Q6', 89);
INSERT INTO tblSeat (seq, seat, reservationSeq) VALUES (308, 'Q7', 89);

INSERT INTO tblSale (seq, saleWay, discountPrice, reservationSeq) VALUES (89,  1, 0, 89);

INSERT INTO tblPay (seq, payWay, payPrice, saleSeq) VALUES (89, 1, 18000, 89);

INSERT INTO tblMileage (seq, detail, point, userSeq, saleSeq) VALUES (89, 1, 480, 8, 89);
-----------
INSERT INTO tblReservation (seq, adult, teen, senior, total, userSeq, screenTimeSeq) VALUES (90, 1, 1, 0, 2, 8, 60);

INSERT INTO tblReservePay (seq, totalPrice, reservationSeq) VALUES (90, 18000, 90);

INSERT INTO tblSeat (seq, seat, reservationSeq) VALUES (309, 'Q1', 90);
INSERT INTO tblSeat (seq, seat, reservationSeq) VALUES (310, 'Q2', 90);
                                                                
INSERT INTO tblSale (seq, saleWay, discountPrice, reservationSeq) VALUES (90,  1, 0, 90);

INSERT INTO tblPay (seq, payWay, payPrice, saleSeq) VALUES (90, 1, 18000, 90);

INSERT INTO tblMileage (seq, detail, point, userSeq, saleSeq) VALUES (90, 1, 480, 8, 90);
-----------
INSERT INTO tblReservation (seq, adult, teen, senior, total, userSeq, screenTimeSeq) VALUES (91, 1, 1, 0, 2, 8, 60);

INSERT INTO tblReservePay (seq, totalPrice, reservationSeq) VALUES (91, 18000, 91);

INSERT INTO tblSeat (seq, seat, reservationSeq) VALUES (311, 'J10', 91);
INSERT INTO tblSeat (seq, seat, reservationSeq) VALUES (312, 'J11', 91);

INSERT INTO tblSale (seq, saleWay, discountPrice, reservationSeq) VALUES (91,  1, 0, 91);

INSERT INTO tblPay (seq, payWay, payPrice, saleSeq) VALUES (91, 1, 18000, 91);

INSERT INTO tblMileage (seq, detail, point, userSeq, saleSeq) VALUES (91, 1, 480, 8, 91);



--------------------------------------------------------------------------------------------------------------------




--예매
--7번시간
INSERT INTO tblReservation (seq, adult, teen, senior, total, userSeq, screenTimeSeq) VALUES (92, 1, 1, 0, 2, 3, 139);
INSERT INTO tblReservation (seq, adult, teen, senior, total, userSeq, screenTimeSeq) VALUES (93, 0, 1, 0, 1, 4, 139);
INSERT INTO tblReservation (seq, adult, teen, senior, total, userSeq, screenTimeSeq) VALUES (94, 0, 0, 4, 4, 5, 139);
INSERT INTO tblReservation (seq, adult, teen, senior, total, userSeq, screenTimeSeq) VALUES (95, 1, 1, 2, 4, 6, 139);
INSERT INTO tblReservation (seq, adult, teen, senior, total, userSeq, screenTimeSeq) VALUES (96, 0, 2, 0, 2, 7, 139);
INSERT INTO tblReservation (seq, adult, teen, senior, total, userSeq, screenTimeSeq) VALUES (97, 2, 2, 2, 6, 8, 139);
INSERT INTO tblReservation (seq, adult, teen, senior, total, userSeq, screenTimeSeq) VALUES (98, 3, 3, 0, 6, 9, 139);
INSERT INTO tblReservation (seq, adult, teen, senior, total, userSeq, screenTimeSeq) VALUES (99, 1, 1, 1, 3, 10, 139);
INSERT INTO tblReservation (seq, adult, teen, senior, total, userSeq, screenTimeSeq) VALUES (100, 2, 3, 3, 8, 11, 139);
INSERT INTO tblReservation (seq, adult, teen, senior, total, userSeq, screenTimeSeq) VALUES (101, 2, 2, 0, 4, 12, 139);
INSERT INTO tblReservation (seq, adult, teen, senior, total, userSeq, screenTimeSeq) VALUES (102, 2, 0, 0, 2, 13, 139);
INSERT INTO tblReservation (seq, adult, teen, senior, total, userSeq, screenTimeSeq) VALUES (103, 2, 4, 0, 6, 14, 139);
INSERT INTO tblReservation (seq, adult, teen, senior, total, userSeq, screenTimeSeq) VALUES (104, 3, 3, 3, 9, 15, 139);


--8번시간
INSERT INTO tblReservation (seq, adult, teen, senior, total, userSeq, screenTimeSeq) VALUES (105, 1, 1, 0, 2, 3, 140);
INSERT INTO tblReservation (seq, adult, teen, senior, total, userSeq, screenTimeSeq) VALUES (106, 0, 1, 0, 1, 4, 140);
INSERT INTO tblReservation (seq, adult, teen, senior, total, userSeq, screenTimeSeq) VALUES (107, 0, 0, 4, 4, 5, 140);
INSERT INTO tblReservation (seq, adult, teen, senior, total, userSeq, screenTimeSeq) VALUES (108, 1, 1, 2, 4, 6, 140);
INSERT INTO tblReservation (seq, adult, teen, senior, total, userSeq, screenTimeSeq) VALUES (109, 0, 2, 0, 2, 7, 140);
INSERT INTO tblReservation (seq, adult, teen, senior, total, userSeq, screenTimeSeq) VALUES (110, 2, 2, 2, 6, 8, 140);
INSERT INTO tblReservation (seq, adult, teen, senior, total, userSeq, screenTimeSeq) VALUES (111, 3, 3, 0, 6, 9, 140);
INSERT INTO tblReservation (seq, adult, teen, senior, total, userSeq, screenTimeSeq) VALUES (112, 1, 1, 1, 3, 10, 140);
INSERT INTO tblReservation (seq, adult, teen, senior, total, userSeq, screenTimeSeq) VALUES (113, 2, 3, 3, 8, 11, 140);
INSERT INTO tblReservation (seq, adult, teen, senior, total, userSeq, screenTimeSeq) VALUES (114, 2, 2, 0, 4, 12, 140);
INSERT INTO tblReservation (seq, adult, teen, senior, total, userSeq, screenTimeSeq) VALUES (115, 2, 0, 0, 2, 13, 140);
INSERT INTO tblReservation (seq, adult, teen, senior, total, userSeq, screenTimeSeq) VALUES (116, 2, 4, 0, 6, 14, 140);
INSERT INTO tblReservation (seq, adult, teen, senior, total, userSeq, screenTimeSeq) VALUES (117, 3, 3, 3, 9, 15, 140);

--9번시간
INSERT INTO tblReservation (seq, adult, teen, senior, total, userSeq, screenTimeSeq) VALUES (118, 1, 1, 0, 2, 3, 141);
INSERT INTO tblReservation (seq, adult, teen, senior, total, userSeq, screenTimeSeq) VALUES (119, 0, 1, 0, 1, 4, 141);
INSERT INTO tblReservation (seq, adult, teen, senior, total, userSeq, screenTimeSeq) VALUES (120, 0, 0, 4, 4, 5, 141);
INSERT INTO tblReservation (seq, adult, teen, senior, total, userSeq, screenTimeSeq) VALUES (121, 1, 1, 2, 4, 6, 141);
INSERT INTO tblReservation (seq, adult, teen, senior, total, userSeq, screenTimeSeq) VALUES (122, 0, 2, 0, 2, 7, 141);
INSERT INTO tblReservation (seq, adult, teen, senior, total, userSeq, screenTimeSeq) VALUES (123, 2, 2, 2, 6, 8, 141);
INSERT INTO tblReservation (seq, adult, teen, senior, total, userSeq, screenTimeSeq) VALUES (124, 3, 3, 0, 6, 9, 141);
INSERT INTO tblReservation (seq, adult, teen, senior, total, userSeq, screenTimeSeq) VALUES (125, 1, 1, 1, 3, 10, 141);
INSERT INTO tblReservation (seq, adult, teen, senior, total, userSeq, screenTimeSeq) VALUES (126, 2, 3, 3, 8, 11, 141);
INSERT INTO tblReservation (seq, adult, teen, senior, total, userSeq, screenTimeSeq) VALUES (127, 2, 2, 0, 4, 12, 141);
INSERT INTO tblReservation (seq, adult, teen, senior, total, userSeq, screenTimeSeq) VALUES (128, 2, 0, 0, 2, 13, 141);
INSERT INTO tblReservation (seq, adult, teen, senior, total, userSeq, screenTimeSeq) VALUES (129, 2, 4, 0, 6, 14, 141);
INSERT INTO tblReservation (seq, adult, teen, senior, total, userSeq, screenTimeSeq) VALUES (130, 3, 3, 3, 9, 15, 141);

--10번시간
INSERT INTO tblReservation (seq, adult, teen, senior, total, userSeq, screenTimeSeq) VALUES (131, 1, 1, 0, 2, 3, 142);
INSERT INTO tblReservation (seq, adult, teen, senior, total, userSeq, screenTimeSeq) VALUES (132, 0, 1, 0, 1, 4, 142);
INSERT INTO tblReservation (seq, adult, teen, senior, total, userSeq, screenTimeSeq) VALUES (133, 0, 0, 4, 4, 5, 142);
INSERT INTO tblReservation (seq, adult, teen, senior, total, userSeq, screenTimeSeq) VALUES (134, 1, 1, 2, 4, 6, 142);
INSERT INTO tblReservation (seq, adult, teen, senior, total, userSeq, screenTimeSeq) VALUES (135, 0, 2, 0, 2, 7, 142);
INSERT INTO tblReservation (seq, adult, teen, senior, total, userSeq, screenTimeSeq) VALUES (136, 2, 2, 2, 6, 8, 142);
INSERT INTO tblReservation (seq, adult, teen, senior, total, userSeq, screenTimeSeq) VALUES (137, 3, 3, 0, 6, 9, 142);
INSERT INTO tblReservation (seq, adult, teen, senior, total, userSeq, screenTimeSeq) VALUES (138, 1, 1, 1, 3, 10, 142);
INSERT INTO tblReservation (seq, adult, teen, senior, total, userSeq, screenTimeSeq) VALUES (139, 2, 3, 3, 8, 11, 142);
INSERT INTO tblReservation (seq, adult, teen, senior, total, userSeq, screenTimeSeq) VALUES (140, 2, 2, 0, 4, 12, 142);
INSERT INTO tblReservation (seq, adult, teen, senior, total, userSeq, screenTimeSeq) VALUES (141, 2, 0, 0, 2, 13, 142);
INSERT INTO tblReservation (seq, adult, teen, senior, total, userSeq, screenTimeSeq) VALUES (142, 2, 4, 0, 6, 14, 142);
INSERT INTO tblReservation (seq, adult, teen, senior, total, userSeq, screenTimeSeq) VALUES (143, 3, 3, 3, 9, 15, 142);

--11번시간
INSERT INTO tblReservation (seq, adult, teen, senior, total, userSeq, screenTimeSeq) VALUES (144, 1, 1, 0, 2, 3, 143);
INSERT INTO tblReservation (seq, adult, teen, senior, total, userSeq, screenTimeSeq) VALUES (145, 0, 1, 0, 1, 4, 143);
INSERT INTO tblReservation (seq, adult, teen, senior, total, userSeq, screenTimeSeq) VALUES (146, 0, 0, 4, 4, 5, 143);
INSERT INTO tblReservation (seq, adult, teen, senior, total, userSeq, screenTimeSeq) VALUES (147, 1, 1, 2, 4, 6, 143);
INSERT INTO tblReservation (seq, adult, teen, senior, total, userSeq, screenTimeSeq) VALUES (148, 0, 2, 0, 2, 7, 143);
INSERT INTO tblReservation (seq, adult, teen, senior, total, userSeq, screenTimeSeq) VALUES (149, 2, 2, 2, 6, 8, 143);
INSERT INTO tblReservation (seq, adult, teen, senior, total, userSeq, screenTimeSeq) VALUES (150, 3, 3, 0, 6, 9, 143);
INSERT INTO tblReservation (seq, adult, teen, senior, total, userSeq, screenTimeSeq) VALUES (151, 1, 1, 1, 3, 10, 143);
INSERT INTO tblReservation (seq, adult, teen, senior, total, userSeq, screenTimeSeq) VALUES (152, 2, 3, 3, 8, 11, 143);
INSERT INTO tblReservation (seq, adult, teen, senior, total, userSeq, screenTimeSeq) VALUES (153, 2, 2, 0, 4, 12, 143);
INSERT INTO tblReservation (seq, adult, teen, senior, total, userSeq, screenTimeSeq) VALUES (154, 2, 0, 0, 2, 13, 143);
INSERT INTO tblReservation (seq, adult, teen, senior, total, userSeq, screenTimeSeq) VALUES (155, 2, 4, 0, 6, 14, 143);
INSERT INTO tblReservation (seq, adult, teen, senior, total, userSeq, screenTimeSeq) VALUES (156, 3, 3, 3, 9, 15, 143);

--12번시간
INSERT INTO tblReservation (seq, adult, teen, senior, total, userSeq, screenTimeSeq) VALUES (157, 1, 1, 0, 2, 3, 144);
INSERT INTO tblReservation (seq, adult, teen, senior, total, userSeq, screenTimeSeq) VALUES (158, 0, 1, 0, 1, 4, 144);
INSERT INTO tblReservation (seq, adult, teen, senior, total, userSeq, screenTimeSeq) VALUES (159, 0, 0, 4, 4, 5, 144);
INSERT INTO tblReservation (seq, adult, teen, senior, total, userSeq, screenTimeSeq) VALUES (160, 1, 1, 2, 4, 6, 144);
INSERT INTO tblReservation (seq, adult, teen, senior, total, userSeq, screenTimeSeq) VALUES (161, 0, 2, 0, 2, 7, 144);
INSERT INTO tblReservation (seq, adult, teen, senior, total, userSeq, screenTimeSeq) VALUES (162, 2, 2, 2, 6, 8, 144);
INSERT INTO tblReservation (seq, adult, teen, senior, total, userSeq, screenTimeSeq) VALUES (163, 3, 3, 0, 6, 9, 144);
INSERT INTO tblReservation (seq, adult, teen, senior, total, userSeq, screenTimeSeq) VALUES (164, 1, 1, 1, 3, 10, 144);
INSERT INTO tblReservation (seq, adult, teen, senior, total, userSeq, screenTimeSeq) VALUES (165, 2, 3, 3, 8, 11, 144);
INSERT INTO tblReservation (seq, adult, teen, senior, total, userSeq, screenTimeSeq) VALUES (166, 2, 2, 0, 4, 12, 144);
INSERT INTO tblReservation (seq, adult, teen, senior, total, userSeq, screenTimeSeq) VALUES (167, 2, 0, 0, 2, 13, 144);
INSERT INTO tblReservation (seq, adult, teen, senior, total, userSeq, screenTimeSeq) VALUES (168, 2, 4, 0, 6, 14, 144);
INSERT INTO tblReservation (seq, adult, teen, senior, total, userSeq, screenTimeSeq) VALUES (169, 3, 3, 3, 9, 15, 144);



--예매 금액
--7번시간
INSERT INTO tblReservePay (seq, totalPrice, reservationSeq) VALUES (92, 20000, 92);
INSERT INTO tblReservePay (seq, totalPrice, reservationSeq) VALUES (93, 36000, 93);
INSERT INTO tblReservePay (seq, totalPrice, reservationSeq) VALUES (94, 18000, 94);
INSERT INTO tblReservePay (seq, totalPrice, reservationSeq) VALUES (95, 8000, 95);
INSERT INTO tblReservePay (seq, totalPrice, reservationSeq) VALUES (96, 24000, 96);
INSERT INTO tblReservePay (seq, totalPrice, reservationSeq) VALUES (97, 30000, 97);
INSERT INTO tblReservePay (seq, totalPrice, reservationSeq) VALUES (98, 16000, 98);
INSERT INTO tblReservePay (seq, totalPrice, reservationSeq) VALUES (99, 48000, 99);
INSERT INTO tblReservePay (seq, totalPrice, reservationSeq) VALUES (100, 54000, 100);
INSERT INTO tblReservePay (seq, totalPrice, reservationSeq) VALUES (101, 24000, 101);
INSERT INTO tblReservePay (seq, totalPrice, reservationSeq) VALUES (102, 62000, 102);
INSERT INTO tblReservePay (seq, totalPrice, reservationSeq) VALUES (103, 36000, 103);
INSERT INTO tblReservePay (seq, totalPrice, reservationSeq) VALUES (104, 20000, 104);
--INSERT INTO tblReservePay (seq, totalPrice, reservationSeq) VALUES (14, 44000, 14);
--INSERT INTO tblReservePay (seq, totalPrice, reservationSeq) VALUES (15, 72000, 15);

--8번시간
INSERT INTO tblReservePay (seq, totalPrice, reservationSeq) VALUES (105, 20000, 105);
INSERT INTO tblReservePay (seq, totalPrice, reservationSeq) VALUES (106, 36000, 106);
INSERT INTO tblReservePay (seq, totalPrice, reservationSeq) VALUES (107, 18000, 107);
INSERT INTO tblReservePay (seq, totalPrice, reservationSeq) VALUES (108, 8000, 108);
INSERT INTO tblReservePay (seq, totalPrice, reservationSeq) VALUES (109, 24000, 109);
INSERT INTO tblReservePay (seq, totalPrice, reservationSeq) VALUES (110, 30000, 110);
INSERT INTO tblReservePay (seq, totalPrice, reservationSeq) VALUES (111, 16000, 111);
INSERT INTO tblReservePay (seq, totalPrice, reservationSeq) VALUES (112, 48000, 112);
INSERT INTO tblReservePay (seq, totalPrice, reservationSeq) VALUES (113, 54000, 113);
INSERT INTO tblReservePay (seq, totalPrice, reservationSeq) VALUES (114, 24000, 114);
INSERT INTO tblReservePay (seq, totalPrice, reservationSeq) VALUES (115, 62000, 115);
INSERT INTO tblReservePay (seq, totalPrice, reservationSeq) VALUES (116, 36000, 116);
INSERT INTO tblReservePay (seq, totalPrice, reservationSeq) VALUES (117, 20000, 117);

--9번시간
INSERT INTO tblReservePay (seq, totalPrice, reservationSeq) VALUES (118, 20000, 118);
INSERT INTO tblReservePay (seq, totalPrice, reservationSeq) VALUES (119, 36000, 119);
INSERT INTO tblReservePay (seq, totalPrice, reservationSeq) VALUES (120, 18000, 120);
INSERT INTO tblReservePay (seq, totalPrice, reservationSeq) VALUES (121, 8000, 121);
INSERT INTO tblReservePay (seq, totalPrice, reservationSeq) VALUES (122, 24000, 122);
INSERT INTO tblReservePay (seq, totalPrice, reservationSeq) VALUES (123, 30000, 123);
INSERT INTO tblReservePay (seq, totalPrice, reservationSeq) VALUES (124, 16000, 124);
INSERT INTO tblReservePay (seq, totalPrice, reservationSeq) VALUES (125, 48000, 125);
INSERT INTO tblReservePay (seq, totalPrice, reservationSeq) VALUES (126, 54000, 126);
INSERT INTO tblReservePay (seq, totalPrice, reservationSeq) VALUES (127, 24000, 127);
INSERT INTO tblReservePay (seq, totalPrice, reservationSeq) VALUES (128, 62000, 128);
INSERT INTO tblReservePay (seq, totalPrice, reservationSeq) VALUES (129, 36000, 129);
INSERT INTO tblReservePay (seq, totalPrice, reservationSeq) VALUES (130, 20000, 130);

--10번시간
INSERT INTO tblReservePay (seq, totalPrice, reservationSeq) VALUES (131, 20000, 131);
INSERT INTO tblReservePay (seq, totalPrice, reservationSeq) VALUES (132, 36000, 132);
INSERT INTO tblReservePay (seq, totalPrice, reservationSeq) VALUES (133, 18000, 133);
INSERT INTO tblReservePay (seq, totalPrice, reservationSeq) VALUES (134, 8000, 134);
INSERT INTO tblReservePay (seq, totalPrice, reservationSeq) VALUES (135, 24000, 135);
INSERT INTO tblReservePay (seq, totalPrice, reservationSeq) VALUES (136, 30000, 136);
INSERT INTO tblReservePay (seq, totalPrice, reservationSeq) VALUES (137, 16000, 137);
INSERT INTO tblReservePay (seq, totalPrice, reservationSeq) VALUES (138, 48000, 138);
INSERT INTO tblReservePay (seq, totalPrice, reservationSeq) VALUES (139, 54000, 139);
INSERT INTO tblReservePay (seq, totalPrice, reservationSeq) VALUES (140, 24000, 140);
INSERT INTO tblReservePay (seq, totalPrice, reservationSeq) VALUES (141, 62000, 141);
INSERT INTO tblReservePay (seq, totalPrice, reservationSeq) VALUES (142, 36000, 142);
INSERT INTO tblReservePay (seq, totalPrice, reservationSeq) VALUES (143, 20000, 143);

--11번시간
INSERT INTO tblReservePay (seq, totalPrice, reservationSeq) VALUES (144, 20000, 144);
INSERT INTO tblReservePay (seq, totalPrice, reservationSeq) VALUES (145, 36000, 145);
INSERT INTO tblReservePay (seq, totalPrice, reservationSeq) VALUES (146, 18000, 146);
INSERT INTO tblReservePay (seq, totalPrice, reservationSeq) VALUES (147, 8000, 147);
INSERT INTO tblReservePay (seq, totalPrice, reservationSeq) VALUES (148, 24000, 148);
INSERT INTO tblReservePay (seq, totalPrice, reservationSeq) VALUES (149, 30000, 149);
INSERT INTO tblReservePay (seq, totalPrice, reservationSeq) VALUES (150, 16000, 150);
INSERT INTO tblReservePay (seq, totalPrice, reservationSeq) VALUES (151, 48000, 151);
INSERT INTO tblReservePay (seq, totalPrice, reservationSeq) VALUES (152, 54000, 152);
INSERT INTO tblReservePay (seq, totalPrice, reservationSeq) VALUES (153, 24000, 153);
INSERT INTO tblReservePay (seq, totalPrice, reservationSeq) VALUES (154, 62000, 154);
INSERT INTO tblReservePay (seq, totalPrice, reservationSeq) VALUES (155, 36000, 155);
INSERT INTO tblReservePay (seq, totalPrice, reservationSeq) VALUES (156, 20000, 156);

--12번시간
INSERT INTO tblReservePay (seq, totalPrice, reservationSeq) VALUES (157, 20000, 157);
INSERT INTO tblReservePay (seq, totalPrice, reservationSeq) VALUES (158, 36000, 158);
INSERT INTO tblReservePay (seq, totalPrice, reservationSeq) VALUES (159, 18000, 159);
INSERT INTO tblReservePay (seq, totalPrice, reservationSeq) VALUES (160, 8000, 160);
INSERT INTO tblReservePay (seq, totalPrice, reservationSeq) VALUES (161, 24000, 161);
INSERT INTO tblReservePay (seq, totalPrice, reservationSeq) VALUES (162, 30000, 162);
INSERT INTO tblReservePay (seq, totalPrice, reservationSeq) VALUES (163, 16000, 163);
INSERT INTO tblReservePay (seq, totalPrice, reservationSeq) VALUES (164, 48000, 164);
INSERT INTO tblReservePay (seq, totalPrice, reservationSeq) VALUES (165, 54000, 165);
INSERT INTO tblReservePay (seq, totalPrice, reservationSeq) VALUES (166, 24000, 166);
INSERT INTO tblReservePay (seq, totalPrice, reservationSeq) VALUES (167, 62000, 167);
INSERT INTO tblReservePay (seq, totalPrice, reservationSeq) VALUES (168, 36000, 168);
INSERT INTO tblReservePay (seq, totalPrice, reservationSeq) VALUES (169, 20000, 169);



--좌석
--7번시간
INSERT INTO tblSeat (seq, seat, reservationSeq) VALUES (313, 'R14', 92);
INSERT INTO tblSeat (seq, seat, reservationSeq) VALUES (314, 'R15', 92);

INSERT INTO tblSeat (seq, seat, reservationSeq) VALUES (315, 'Q14', 93);
INSERT INTO tblSeat (seq, seat, reservationSeq) VALUES (316, 'Q15', 93);
INSERT INTO tblSeat (seq, seat, reservationSeq) VALUES (317, 'Q16', 93);
INSERT INTO tblSeat (seq, seat, reservationSeq) VALUES (318, 'Q17', 93);

INSERT INTO tblSeat (seq, seat, reservationSeq) VALUES (319, 'P12', 94);
INSERT INTO tblSeat (seq, seat, reservationSeq) VALUES (320, 'P13', 94);

INSERT INTO tblSeat (seq, seat, reservationSeq) VALUES (321, 'P16', 95);

INSERT INTO tblSeat (seq, seat, reservationSeq) VALUES (322, 'O12', 96);
INSERT INTO tblSeat (seq, seat, reservationSeq) VALUES (323, 'O13', 96);
INSERT INTO tblSeat (seq, seat, reservationSeq) VALUES (324, 'O14', 96);
INSERT INTO tblSeat (seq, seat, reservationSeq) VALUES (325, 'O15', 96);

INSERT INTO tblSeat (seq, seat, reservationSeq) VALUES (326, 'N10', 97);
INSERT INTO tblSeat (seq, seat, reservationSeq) VALUES (327, 'N11', 97);
INSERT INTO tblSeat (seq, seat, reservationSeq) VALUES (328, 'N12', 97);
INSERT INTO tblSeat (seq, seat, reservationSeq) VALUES (329, 'N13', 97);

INSERT INTO tblSeat (seq, seat, reservationSeq) VALUES (330, 'N15', 98);
INSERT INTO tblSeat (seq, seat, reservationSeq) VALUES (331, 'N16', 98);

INSERT INTO tblSeat (seq, seat, reservationSeq) VALUES (332, 'M4', 99);
INSERT INTO tblSeat (seq, seat, reservationSeq) VALUES (333, 'M5', 99);
INSERT INTO tblSeat (seq, seat, reservationSeq) VALUES (334, 'M6', 99);
INSERT INTO tblSeat (seq, seat, reservationSeq) VALUES (335, 'M7', 99);
INSERT INTO tblSeat (seq, seat, reservationSeq) VALUES (336, 'M8', 99);
INSERT INTO tblSeat (seq, seat, reservationSeq) VALUES (337, 'M9', 99);

INSERT INTO tblSeat (seq, seat, reservationSeq) VALUES (338, 'M10', 100);
INSERT INTO tblSeat (seq, seat, reservationSeq) VALUES (339, 'M11', 100);
INSERT INTO tblSeat (seq, seat, reservationSeq) VALUES (340, 'M12', 100);
INSERT INTO tblSeat (seq, seat, reservationSeq) VALUES (341, 'M13', 100);
INSERT INTO tblSeat (seq, seat, reservationSeq) VALUES (342, 'M14', 100);
INSERT INTO tblSeat (seq, seat, reservationSeq) VALUES (343, 'M15', 100);

INSERT INTO tblSeat (seq, seat, reservationSeq) VALUES (344, 'L12', 101);
INSERT INTO tblSeat (seq, seat, reservationSeq) VALUES (345, 'L13', 101);
INSERT INTO tblSeat (seq, seat, reservationSeq) VALUES (346, 'L14', 101);

INSERT INTO tblSeat (seq, seat, reservationSeq) VALUES (347, 'I10', 102);
INSERT INTO tblSeat (seq, seat, reservationSeq) VALUES (348, 'I11', 102);
INSERT INTO tblSeat (seq, seat, reservationSeq) VALUES (349, 'I12', 102);
INSERT INTO tblSeat (seq, seat, reservationSeq) VALUES (350, 'I13', 102);
INSERT INTO tblSeat (seq, seat, reservationSeq) VALUES (351, 'I14', 102);
INSERT INTO tblSeat (seq, seat, reservationSeq) VALUES (352, 'I15', 102);
INSERT INTO tblSeat (seq, seat, reservationSeq) VALUES (353, 'I16', 102);
INSERT INTO tblSeat (seq, seat, reservationSeq) VALUES (354, 'I17', 102);

INSERT INTO tblSeat (seq, seat, reservationSeq) VALUES (355, 'H14', 103);
INSERT INTO tblSeat (seq, seat, reservationSeq) VALUES (356, 'H15', 103);

INSERT INTO tblSeat (seq, seat, reservationSeq) VALUES (357, 'H3', 104);
INSERT INTO tblSeat (seq, seat, reservationSeq) VALUES (358, 'H4', 104);

--INSERT INTO tblSeat (seq, seat, reservationSeq) VALUES (47, G6, 14);
--INSERT INTO tblSeat (seq, seat, reservationSeq) VALUES (48, G7, 14);
--INSERT INTO tblSeat (seq, seat, reservationSeq) VALUES (49, G8, 14);
--INSERT INTO tblSeat (seq, seat, reservationSeq) VALUES (50, G9, 14);
--INSERT INTO tblSeat (seq, seat, reservationSeq) VALUES (49, G10, 14);
--INSERT INTO tblSeat (seq, seat, reservationSeq) VALUES (50, G11, 14);
--
--INSERT INTO tblSeat (seq, seat, reservationSeq) VALUES (51, F1, 15);
--INSERT INTO tblSeat (seq, seat, reservationSeq) VALUES (52, F1, 15);
--INSERT INTO tblSeat (seq, seat, reservationSeq) VALUES (53, F1, 15);
--INSERT INTO tblSeat (seq, seat, reservationSeq) VALUES (54, F1, 15);
--INSERT INTO tblSeat (seq, seat, reservationSeq) VALUES (55, F1, 15);
--INSERT INTO tblSeat (seq, seat, reservationSeq) VALUES (56, F1, 15);
--INSERT INTO tblSeat (seq, seat, reservationSeq) VALUES (57, F1, 15);
--INSERT INTO tblSeat (seq, seat, reservationSeq) VALUES (58, F1, 15);
--INSERT INTO tblSeat (seq, seat, reservationSeq) VALUES (59, F1, 15);
--INSERT INTO tblSeat (seq, seat, reservationSeq) VALUES (60, F1, 15);

--8번 시간
INSERT INTO tblSeat (seq, seat, reservationSeq) VALUES (359, 'R14', 105);
INSERT INTO tblSeat (seq, seat, reservationSeq) VALUES (360, 'R15', 105);

INSERT INTO tblSeat (seq, seat, reservationSeq) VALUES (361, 'Q14', 106);
INSERT INTO tblSeat (seq, seat, reservationSeq) VALUES (362, 'Q15', 106);
INSERT INTO tblSeat (seq, seat, reservationSeq) VALUES (363, 'Q16', 106);
INSERT INTO tblSeat (seq, seat, reservationSeq) VALUES (364, 'Q17', 106);

INSERT INTO tblSeat (seq, seat, reservationSeq) VALUES (365, 'P12', 107);
INSERT INTO tblSeat (seq, seat, reservationSeq) VALUES (366, 'P13', 107);

INSERT INTO tblSeat (seq, seat, reservationSeq) VALUES (367, 'P16', 108);

INSERT INTO tblSeat (seq, seat, reservationSeq) VALUES (368, 'O12', 109);
INSERT INTO tblSeat (seq, seat, reservationSeq) VALUES (369, 'O13', 109);
INSERT INTO tblSeat (seq, seat, reservationSeq) VALUES (370, 'O14', 109);
INSERT INTO tblSeat (seq, seat, reservationSeq) VALUES (371, 'O15', 109);

INSERT INTO tblSeat (seq, seat, reservationSeq) VALUES (372, 'N10', 110);
INSERT INTO tblSeat (seq, seat, reservationSeq) VALUES (373, 'N11', 110);
INSERT INTO tblSeat (seq, seat, reservationSeq) VALUES (374, 'N12', 110);
INSERT INTO tblSeat (seq, seat, reservationSeq) VALUES (375, 'N13', 110);

INSERT INTO tblSeat (seq, seat, reservationSeq) VALUES (376, 'N15', 111);
INSERT INTO tblSeat (seq, seat, reservationSeq) VALUES (377, 'N16', 111);

INSERT INTO tblSeat (seq, seat, reservationSeq) VALUES (378, 'M4', 112);
INSERT INTO tblSeat (seq, seat, reservationSeq) VALUES (379, 'M5', 112);
INSERT INTO tblSeat (seq, seat, reservationSeq) VALUES (380, 'M6', 112);
INSERT INTO tblSeat (seq, seat, reservationSeq) VALUES (381, 'M7', 112);
INSERT INTO tblSeat (seq, seat, reservationSeq) VALUES (382, 'M8', 112);
INSERT INTO tblSeat (seq, seat, reservationSeq) VALUES (383, 'M9', 112);

INSERT INTO tblSeat (seq, seat, reservationSeq) VALUES (384, 'M10', 113);
INSERT INTO tblSeat (seq, seat, reservationSeq) VALUES (385, 'M11', 113);
INSERT INTO tblSeat (seq, seat, reservationSeq) VALUES (386, 'M12', 113);
INSERT INTO tblSeat (seq, seat, reservationSeq) VALUES (387, 'M13', 113);
INSERT INTO tblSeat (seq, seat, reservationSeq) VALUES (388, 'M14', 113);
INSERT INTO tblSeat (seq, seat, reservationSeq) VALUES (389, 'M15', 113);

INSERT INTO tblSeat (seq, seat, reservationSeq) VALUES (390, 'L12', 114);
INSERT INTO tblSeat (seq, seat, reservationSeq) VALUES (391, 'L13', 114);
INSERT INTO tblSeat (seq, seat, reservationSeq) VALUES (392, 'L14', 114);

INSERT INTO tblSeat (seq, seat, reservationSeq) VALUES (393, 'I10', 115);
INSERT INTO tblSeat (seq, seat, reservationSeq) VALUES (394, 'I11', 115);
INSERT INTO tblSeat (seq, seat, reservationSeq) VALUES (395, 'I12', 115);
INSERT INTO tblSeat (seq, seat, reservationSeq) VALUES (396, 'I13', 115);
INSERT INTO tblSeat (seq, seat, reservationSeq) VALUES (397, 'I14', 115);
INSERT INTO tblSeat (seq, seat, reservationSeq) VALUES (398, 'I15', 115);
INSERT INTO tblSeat (seq, seat, reservationSeq) VALUES (399, 'I16', 115);
INSERT INTO tblSeat (seq, seat, reservationSeq) VALUES (400, 'I17', 115);

INSERT INTO tblSeat (seq, seat, reservationSeq) VALUES (401, 'H14', 116);
INSERT INTO tblSeat (seq, seat, reservationSeq) VALUES (402, 'H15', 116);

INSERT INTO tblSeat (seq, seat, reservationSeq) VALUES (403, 'H3', 117);
INSERT INTO tblSeat (seq, seat, reservationSeq) VALUES (404, 'H4', 117);


--9번 시간
INSERT INTO tblSeat (seq, seat, reservationSeq) VALUES (405, 'R14', 118);
INSERT INTO tblSeat (seq, seat, reservationSeq) VALUES (406, 'R15', 118);

INSERT INTO tblSeat (seq, seat, reservationSeq) VALUES (407, 'Q14', 119);
INSERT INTO tblSeat (seq, seat, reservationSeq) VALUES (408, 'Q15', 119);
INSERT INTO tblSeat (seq, seat, reservationSeq) VALUES (409, 'Q16', 119);
INSERT INTO tblSeat (seq, seat, reservationSeq) VALUES (410, 'Q17', 119);

INSERT INTO tblSeat (seq, seat, reservationSeq) VALUES (411, 'P12', 120);
INSERT INTO tblSeat (seq, seat, reservationSeq) VALUES (412, 'P13', 120);

INSERT INTO tblSeat (seq, seat, reservationSeq) VALUES (413, 'P16', 121);

INSERT INTO tblSeat (seq, seat, reservationSeq) VALUES (414, 'O12', 122);
INSERT INTO tblSeat (seq, seat, reservationSeq) VALUES (415, 'O13', 122);
INSERT INTO tblSeat (seq, seat, reservationSeq) VALUES (416, 'O14', 122);
INSERT INTO tblSeat (seq, seat, reservationSeq) VALUES (417, 'O15', 122);

INSERT INTO tblSeat (seq, seat, reservationSeq) VALUES (418, 'N10', 123);
INSERT INTO tblSeat (seq, seat, reservationSeq) VALUES (419, 'N11', 123);
INSERT INTO tblSeat (seq, seat, reservationSeq) VALUES (420, 'N12', 123);
INSERT INTO tblSeat (seq, seat, reservationSeq) VALUES (421, 'N13', 123);

INSERT INTO tblSeat (seq, seat, reservationSeq) VALUES (422, 'N15', 124);
INSERT INTO tblSeat (seq, seat, reservationSeq) VALUES (423, 'N16', 124);

INSERT INTO tblSeat (seq, seat, reservationSeq) VALUES (424, 'M4', 125);
INSERT INTO tblSeat (seq, seat, reservationSeq) VALUES (425, 'M5', 125);
INSERT INTO tblSeat (seq, seat, reservationSeq) VALUES (426, 'M6', 125);
INSERT INTO tblSeat (seq, seat, reservationSeq) VALUES (427, 'M7', 125);
INSERT INTO tblSeat (seq, seat, reservationSeq) VALUES (428, 'M8', 125);
INSERT INTO tblSeat (seq, seat, reservationSeq) VALUES (429, 'M9', 125);

INSERT INTO tblSeat (seq, seat, reservationSeq) VALUES (430, 'M10', 126);
INSERT INTO tblSeat (seq, seat, reservationSeq) VALUES (431, 'M11', 126);
INSERT INTO tblSeat (seq, seat, reservationSeq) VALUES (432, 'M12', 126);
INSERT INTO tblSeat (seq, seat, reservationSeq) VALUES (433, 'M13', 126);
INSERT INTO tblSeat (seq, seat, reservationSeq) VALUES (434, 'M14', 126);
INSERT INTO tblSeat (seq, seat, reservationSeq) VALUES (435, 'M15', 126);

INSERT INTO tblSeat (seq, seat, reservationSeq) VALUES (436, 'L12', 127);
INSERT INTO tblSeat (seq, seat, reservationSeq) VALUES (437, 'L13', 127);
INSERT INTO tblSeat (seq, seat, reservationSeq) VALUES (438, 'L14', 127);

INSERT INTO tblSeat (seq, seat, reservationSeq) VALUES (439, 'I10', 128);
INSERT INTO tblSeat (seq, seat, reservationSeq) VALUES (440, 'I11', 128);
INSERT INTO tblSeat (seq, seat, reservationSeq) VALUES (441, 'I12', 128);
INSERT INTO tblSeat (seq, seat, reservationSeq) VALUES (442, 'I13', 128);
INSERT INTO tblSeat (seq, seat, reservationSeq) VALUES (443, 'I14', 128);
INSERT INTO tblSeat (seq, seat, reservationSeq) VALUES (444, 'I15', 128);
INSERT INTO tblSeat (seq, seat, reservationSeq) VALUES (445, 'I16', 128);
INSERT INTO tblSeat (seq, seat, reservationSeq) VALUES (446, 'I17', 128);

INSERT INTO tblSeat (seq, seat, reservationSeq) VALUES (447, 'H14', 129);
INSERT INTO tblSeat (seq, seat, reservationSeq) VALUES (448, 'H15', 129);

INSERT INTO tblSeat (seq, seat, reservationSeq) VALUES (449, 'H3', 130);
INSERT INTO tblSeat (seq, seat, reservationSeq) VALUES (450, 'H4', 130);

--10번시간
INSERT INTO tblSeat (seq, seat, reservationSeq) VALUES (451, 'R14', 131);
INSERT INTO tblSeat (seq, seat, reservationSeq) VALUES (452, 'R15', 131);

INSERT INTO tblSeat (seq, seat, reservationSeq) VALUES (453, 'Q14', 132);
INSERT INTO tblSeat (seq, seat, reservationSeq) VALUES (454, 'Q15', 132);
INSERT INTO tblSeat (seq, seat, reservationSeq) VALUES (455, 'Q16', 132);
INSERT INTO tblSeat (seq, seat, reservationSeq) VALUES (456, 'Q17', 132);

INSERT INTO tblSeat (seq, seat, reservationSeq) VALUES (457, 'P12', 133);
INSERT INTO tblSeat (seq, seat, reservationSeq) VALUES (458, 'P13', 133);

INSERT INTO tblSeat (seq, seat, reservationSeq) VALUES (459, 'P16', 134);

INSERT INTO tblSeat (seq, seat, reservationSeq) VALUES (460, 'O12', 135);
INSERT INTO tblSeat (seq, seat, reservationSeq) VALUES (461, 'O13', 135);
INSERT INTO tblSeat (seq, seat, reservationSeq) VALUES (462, 'O14', 135);
INSERT INTO tblSeat (seq, seat, reservationSeq) VALUES (463, 'O15', 135);

INSERT INTO tblSeat (seq, seat, reservationSeq) VALUES (464, 'N10', 136);
INSERT INTO tblSeat (seq, seat, reservationSeq) VALUES (465, 'N11', 136);
INSERT INTO tblSeat (seq, seat, reservationSeq) VALUES (466, 'N12', 136);
INSERT INTO tblSeat (seq, seat, reservationSeq) VALUES (467, 'N13', 136);

INSERT INTO tblSeat (seq, seat, reservationSeq) VALUES (468, 'N15', 137);
INSERT INTO tblSeat (seq, seat, reservationSeq) VALUES (469, 'N16', 137);

INSERT INTO tblSeat (seq, seat, reservationSeq) VALUES (470, 'M4', 138);
INSERT INTO tblSeat (seq, seat, reservationSeq) VALUES (471, 'M5', 138);
INSERT INTO tblSeat (seq, seat, reservationSeq) VALUES (472, 'M6', 138);
INSERT INTO tblSeat (seq, seat, reservationSeq) VALUES (473, 'M7', 138);
INSERT INTO tblSeat (seq, seat, reservationSeq) VALUES (474, 'M8', 138);
INSERT INTO tblSeat (seq, seat, reservationSeq) VALUES (475, 'M9', 138);

INSERT INTO tblSeat (seq, seat, reservationSeq) VALUES (476, 'M10', 139);
INSERT INTO tblSeat (seq, seat, reservationSeq) VALUES (477, 'M11', 139);
INSERT INTO tblSeat (seq, seat, reservationSeq) VALUES (478, 'M12', 139);
INSERT INTO tblSeat (seq, seat, reservationSeq) VALUES (479, 'M13', 139);
INSERT INTO tblSeat (seq, seat, reservationSeq) VALUES (480, 'M14', 139);
INSERT INTO tblSeat (seq, seat, reservationSeq) VALUES (481, 'M15', 139);

INSERT INTO tblSeat (seq, seat, reservationSeq) VALUES (482, 'L12', 140);
INSERT INTO tblSeat (seq, seat, reservationSeq) VALUES (483, 'L13', 140);
INSERT INTO tblSeat (seq, seat, reservationSeq) VALUES (484, 'L14', 140);

INSERT INTO tblSeat (seq, seat, reservationSeq) VALUES (485, 'I10', 141);
INSERT INTO tblSeat (seq, seat, reservationSeq) VALUES (486, 'I11', 141);
INSERT INTO tblSeat (seq, seat, reservationSeq) VALUES (487, 'I12', 141);
INSERT INTO tblSeat (seq, seat, reservationSeq) VALUES (488, 'I13', 141);
INSERT INTO tblSeat (seq, seat, reservationSeq) VALUES (489, 'I14', 141);
INSERT INTO tblSeat (seq, seat, reservationSeq) VALUES (490, 'I15', 141);
INSERT INTO tblSeat (seq, seat, reservationSeq) VALUES (491, 'I16', 141);
INSERT INTO tblSeat (seq, seat, reservationSeq) VALUES (492, 'I17', 141);

INSERT INTO tblSeat (seq, seat, reservationSeq) VALUES (493, 'H14', 142);
INSERT INTO tblSeat (seq, seat, reservationSeq) VALUES (494, 'H15', 142);

INSERT INTO tblSeat (seq, seat, reservationSeq) VALUES (495, 'H3', 143);
INSERT INTO tblSeat (seq, seat, reservationSeq) VALUES (496, 'H4', 143);
                                                                
--11번시간
INSERT INTO tblSeat (seq, seat, reservationSeq) VALUES (497, 'R14', 144);
INSERT INTO tblSeat (seq, seat, reservationSeq) VALUES (498, 'R15', 144);

INSERT INTO tblSeat (seq, seat, reservationSeq) VALUES (499, 'Q14', 145);
INSERT INTO tblSeat (seq, seat, reservationSeq) VALUES (500, 'Q15', 145);
INSERT INTO tblSeat (seq, seat, reservationSeq) VALUES (501, 'Q16', 145);
INSERT INTO tblSeat (seq, seat, reservationSeq) VALUES (502, 'Q17', 145);

INSERT INTO tblSeat (seq, seat, reservationSeq) VALUES (503, 'P12', 146);
INSERT INTO tblSeat (seq, seat, reservationSeq) VALUES (504, 'P13', 146);

INSERT INTO tblSeat (seq, seat, reservationSeq) VALUES (505, 'P16', 147);

INSERT INTO tblSeat (seq, seat, reservationSeq) VALUES (506, 'O12', 148);
INSERT INTO tblSeat (seq, seat, reservationSeq) VALUES (507, 'O13', 148);
INSERT INTO tblSeat (seq, seat, reservationSeq) VALUES (508, 'O14', 148);
INSERT INTO tblSeat (seq, seat, reservationSeq) VALUES (509, 'O15', 148);

INSERT INTO tblSeat (seq, seat, reservationSeq) VALUES (510, 'N10', 149);
INSERT INTO tblSeat (seq, seat, reservationSeq) VALUES (511, 'N11', 149);
INSERT INTO tblSeat (seq, seat, reservationSeq) VALUES (512, 'N12', 149);
INSERT INTO tblSeat (seq, seat, reservationSeq) VALUES (513, 'N13', 149);
                                                                 
INSERT INTO tblSeat (seq, seat, reservationSeq) VALUES (514, 'N15', 150);
INSERT INTO tblSeat (seq, seat, reservationSeq) VALUES (515, 'N16', 150);

INSERT INTO tblSeat (seq, seat, reservationSeq) VALUES (516, 'M4', 151);
INSERT INTO tblSeat (seq, seat, reservationSeq) VALUES (517, 'M5', 151);
INSERT INTO tblSeat (seq, seat, reservationSeq) VALUES (518, 'M6', 151);
INSERT INTO tblSeat (seq, seat, reservationSeq) VALUES (519, 'M7', 151);
INSERT INTO tblSeat (seq, seat, reservationSeq) VALUES (520, 'M8', 151);
INSERT INTO tblSeat (seq, seat, reservationSeq) VALUES (521, 'M9', 151);

INSERT INTO tblSeat (seq, seat, reservationSeq) VALUES (522, 'M10', 152);
INSERT INTO tblSeat (seq, seat, reservationSeq) VALUES (523, 'M11', 152);
INSERT INTO tblSeat (seq, seat, reservationSeq) VALUES (524, 'M12', 152);
INSERT INTO tblSeat (seq, seat, reservationSeq) VALUES (525, 'M13', 152);
INSERT INTO tblSeat (seq, seat, reservationSeq) VALUES (526, 'M14', 152);
INSERT INTO tblSeat (seq, seat, reservationSeq) VALUES (527, 'M15', 152);

INSERT INTO tblSeat (seq, seat, reservationSeq) VALUES (528, 'L12', 153);
INSERT INTO tblSeat (seq, seat, reservationSeq) VALUES (529, 'L13', 153);
INSERT INTO tblSeat (seq, seat, reservationSeq) VALUES (530, 'L14', 153);

INSERT INTO tblSeat (seq, seat, reservationSeq) VALUES (531, 'I10', 154);
INSERT INTO tblSeat (seq, seat, reservationSeq) VALUES (532, 'I11', 154);
INSERT INTO tblSeat (seq, seat, reservationSeq) VALUES (533, 'I12', 154);
INSERT INTO tblSeat (seq, seat, reservationSeq) VALUES (534, 'I13', 154);
INSERT INTO tblSeat (seq, seat, reservationSeq) VALUES (535, 'I14', 154);
INSERT INTO tblSeat (seq, seat, reservationSeq) VALUES (536, 'I15', 154);
INSERT INTO tblSeat (seq, seat, reservationSeq) VALUES (537, 'I16', 154);
INSERT INTO tblSeat (seq, seat, reservationSeq) VALUES (538, 'I17', 154);

INSERT INTO tblSeat (seq, seat, reservationSeq) VALUES (539, 'H14', 155);
INSERT INTO tblSeat (seq, seat, reservationSeq) VALUES (540, 'H15', 155);

INSERT INTO tblSeat (seq, seat, reservationSeq) VALUES (541, 'H3', 156);
INSERT INTO tblSeat (seq, seat, reservationSeq) VALUES (542, 'H4', 156);

--12번시간
INSERT INTO tblSeat (seq, seat, reservationSeq) VALUES (543, 'R14', 157);
INSERT INTO tblSeat (seq, seat, reservationSeq) VALUES (544, 'R15', 157);

INSERT INTO tblSeat (seq, seat, reservationSeq) VALUES (545, 'Q14', 158);
INSERT INTO tblSeat (seq, seat, reservationSeq) VALUES (546, 'Q15', 158);
INSERT INTO tblSeat (seq, seat, reservationSeq) VALUES (547, 'Q16', 158);
INSERT INTO tblSeat (seq, seat, reservationSeq) VALUES (548, 'Q17', 158);

INSERT INTO tblSeat (seq, seat, reservationSeq) VALUES (549, 'P12', 159);
INSERT INTO tblSeat (seq, seat, reservationSeq) VALUES (550, 'P13', 159);

INSERT INTO tblSeat (seq, seat, reservationSeq) VALUES (551, 'P16', 160);

INSERT INTO tblSeat (seq, seat, reservationSeq) VALUES (552, 'O12', 161);
INSERT INTO tblSeat (seq, seat, reservationSeq) VALUES (553, 'O13', 161);
INSERT INTO tblSeat (seq, seat, reservationSeq) VALUES (554, 'O14', 161);
INSERT INTO tblSeat (seq, seat, reservationSeq) VALUES (555, 'O15', 161);

INSERT INTO tblSeat (seq, seat, reservationSeq) VALUES (556, 'N10', 162);
INSERT INTO tblSeat (seq, seat, reservationSeq) VALUES (557, 'N11', 162);
INSERT INTO tblSeat (seq, seat, reservationSeq) VALUES (558, 'N12', 162);
INSERT INTO tblSeat (seq, seat, reservationSeq) VALUES (559, 'N13', 162);

INSERT INTO tblSeat (seq, seat, reservationSeq) VALUES (560, 'N15', 163);
INSERT INTO tblSeat (seq, seat, reservationSeq) VALUES (561, 'N16', 163);

INSERT INTO tblSeat (seq, seat, reservationSeq) VALUES (562, 'M4', 164);
INSERT INTO tblSeat (seq, seat, reservationSeq) VALUES (563, 'M5', 164);
INSERT INTO tblSeat (seq, seat, reservationSeq) VALUES (564, 'M6', 164);
INSERT INTO tblSeat (seq, seat, reservationSeq) VALUES (565, 'M7', 164);
INSERT INTO tblSeat (seq, seat, reservationSeq) VALUES (567, 'M8', 164);
INSERT INTO tblSeat (seq, seat, reservationSeq) VALUES (568, 'M9', 164);

INSERT INTO tblSeat (seq, seat, reservationSeq) VALUES (569, 'M10', 165);
INSERT INTO tblSeat (seq, seat, reservationSeq) VALUES (570, 'M11', 165);
INSERT INTO tblSeat (seq, seat, reservationSeq) VALUES (571, 'M12', 165);
INSERT INTO tblSeat (seq, seat, reservationSeq) VALUES (572, 'M13', 165);
INSERT INTO tblSeat (seq, seat, reservationSeq) VALUES (573, 'M14', 165);
INSERT INTO tblSeat (seq, seat, reservationSeq) VALUES (574, 'M15', 165);

INSERT INTO tblSeat (seq, seat, reservationSeq) VALUES (575, 'L12', 166);
INSERT INTO tblSeat (seq, seat, reservationSeq) VALUES (576, 'L13', 166);
INSERT INTO tblSeat (seq, seat, reservationSeq) VALUES (577, 'L14', 166);

INSERT INTO tblSeat (seq, seat, reservationSeq) VALUES (578, 'I10', 167);
INSERT INTO tblSeat (seq, seat, reservationSeq) VALUES (579, 'I11', 167);
INSERT INTO tblSeat (seq, seat, reservationSeq) VALUES (580, 'I12', 167);
INSERT INTO tblSeat (seq, seat, reservationSeq) VALUES (581, 'I13', 167);
INSERT INTO tblSeat (seq, seat, reservationSeq) VALUES (582, 'I14', 167);
INSERT INTO tblSeat (seq, seat, reservationSeq) VALUES (583, 'I15', 167);
INSERT INTO tblSeat (seq, seat, reservationSeq) VALUES (584, 'I16', 167);
INSERT INTO tblSeat (seq, seat, reservationSeq) VALUES (585, 'I17', 167);

INSERT INTO tblSeat (seq, seat, reservationSeq) VALUES (586, 'H14', 168);
INSERT INTO tblSeat (seq, seat, reservationSeq) VALUES (587, 'H15', 168);

INSERT INTO tblSeat (seq, seat, reservationSeq) VALUES (588, 'H3', 169);
INSERT INTO tblSeat (seq, seat, reservationSeq) VALUES (589, 'H4', 169);







--할인
--7번시간
INSERT INTO tblSale (seq, saleWay, discountPrice, reservationSeq) VALUES (92,  2, 1000, 92);
INSERT INTO tblSale (seq, saleWay, discountPrice, reservationSeq) VALUES (93,  1, 0, 93);
INSERT INTO tblSale (seq, saleWay, discountPrice, reservationSeq) VALUES (94,  2, 500, 94);
INSERT INTO tblSale (seq, saleWay, discountPrice, reservationSeq) VALUES (95,  1, 0, 95);
INSERT INTO tblSale (seq, saleWay, discountPrice, reservationSeq) VALUES (96,  1, 0, 96);
INSERT INTO tblSale (seq, saleWay, discountPrice, reservationSeq) VALUES (97,  2, 1500, 97);
INSERT INTO tblSale (seq, saleWay, discountPrice, reservationSeq) VALUES (98,  2, 1000, 98);
INSERT INTO tblSale (seq, saleWay, discountPrice, reservationSeq) VALUES (99,  1, 0, 99);
INSERT INTO tblSale (seq, saleWay, discountPrice, reservationSeq) VALUES (100,  1, 0, 100);
INSERT INTO tblSale (seq, saleWay, discountPrice, reservationSeq) VALUES (101, 1, 0, 101);
INSERT INTO tblSale (seq, saleWay, discountPrice, reservationSeq) VALUES (102, 1, 0, 102);
INSERT INTO tblSale (seq, saleWay, discountPrice, reservationSeq) VALUES (103, 1, 0, 103);
INSERT INTO tblSale (seq, saleWay, discountPrice, reservationSeq) VALUES (104, 2, 1000, 104);
--INSERT INTO tblSale (seq, saleWay, discountPrice) VALUES (14, 1, 0, 14);
--INSERT INTO tblSale (seq, saleWay, discountPrice) VALUES (15, 1, 0, 15);

--8번시간
INSERT INTO tblSale (seq, saleWay, discountPrice, reservationSeq) VALUES (105,  2, 1000, 105);
INSERT INTO tblSale (seq, saleWay, discountPrice, reservationSeq) VALUES (106,  1, 0, 106);
INSERT INTO tblSale (seq, saleWay, discountPrice, reservationSeq) VALUES (107,  2, 500, 107);
INSERT INTO tblSale (seq, saleWay, discountPrice, reservationSeq) VALUES (108,  1, 0, 108);
INSERT INTO tblSale (seq, saleWay, discountPrice, reservationSeq) VALUES (109,  1, 0, 109);
INSERT INTO tblSale (seq, saleWay, discountPrice, reservationSeq) VALUES (110,  2, 1500, 110);
INSERT INTO tblSale (seq, saleWay, discountPrice, reservationSeq) VALUES (111,  2, 1000, 111);
INSERT INTO tblSale (seq, saleWay, discountPrice, reservationSeq) VALUES (112,  1, 0, 112);
INSERT INTO tblSale (seq, saleWay, discountPrice, reservationSeq) VALUES (113,  1, 0, 113);
INSERT INTO tblSale (seq, saleWay, discountPrice, reservationSeq) VALUES (114, 1, 0, 114);
INSERT INTO tblSale (seq, saleWay, discountPrice, reservationSeq) VALUES (115, 1, 0, 115);
INSERT INTO tblSale (seq, saleWay, discountPrice, reservationSeq) VALUES (116, 1, 0, 116);
INSERT INTO tblSale (seq, saleWay, discountPrice, reservationSeq) VALUES (117, 2, 1000, 117);

--9번 시간
INSERT INTO tblSale (seq, saleWay, discountPrice, reservationSeq) VALUES (118,  2, 1000, 118);
INSERT INTO tblSale (seq, saleWay, discountPrice, reservationSeq) VALUES (119,  1, 0, 119);
INSERT INTO tblSale (seq, saleWay, discountPrice, reservationSeq) VALUES (120,  2, 500, 120);
INSERT INTO tblSale (seq, saleWay, discountPrice, reservationSeq) VALUES (121,  1, 0, 121);
INSERT INTO tblSale (seq, saleWay, discountPrice, reservationSeq) VALUES (122,  1, 0, 122);
INSERT INTO tblSale (seq, saleWay, discountPrice, reservationSeq) VALUES (123,  2, 1500, 123);
INSERT INTO tblSale (seq, saleWay, discountPrice, reservationSeq) VALUES (124,  2, 1000, 124);
INSERT INTO tblSale (seq, saleWay, discountPrice, reservationSeq) VALUES (125,  1, 0, 125);
INSERT INTO tblSale (seq, saleWay, discountPrice, reservationSeq) VALUES (126,  1, 0, 126);
INSERT INTO tblSale (seq, saleWay, discountPrice, reservationSeq) VALUES (127, 1, 0, 127);
INSERT INTO tblSale (seq, saleWay, discountPrice, reservationSeq) VALUES (128, 1, 0, 128);
INSERT INTO tblSale (seq, saleWay, discountPrice, reservationSeq) VALUES (129, 1, 0, 129);
INSERT INTO tblSale (seq, saleWay, discountPrice, reservationSeq) VALUES (130, 2, 1000, 130);

--10번 시간
INSERT INTO tblSale (seq, saleWay, discountPrice, reservationSeq) VALUES (131,  2, 1000, 131);
INSERT INTO tblSale (seq, saleWay, discountPrice, reservationSeq) VALUES (132,  1, 0, 132);
INSERT INTO tblSale (seq, saleWay, discountPrice, reservationSeq) VALUES (133,  2, 500, 133);
INSERT INTO tblSale (seq, saleWay, discountPrice, reservationSeq) VALUES (134,  1, 0, 134);
INSERT INTO tblSale (seq, saleWay, discountPrice, reservationSeq) VALUES (135,  1, 0, 135);
INSERT INTO tblSale (seq, saleWay, discountPrice, reservationSeq) VALUES (136,  2, 1500, 136);
INSERT INTO tblSale (seq, saleWay, discountPrice, reservationSeq) VALUES (137,  2, 1000, 137);
INSERT INTO tblSale (seq, saleWay, discountPrice, reservationSeq) VALUES (138,  1, 0, 138);
INSERT INTO tblSale (seq, saleWay, discountPrice, reservationSeq) VALUES (139,  1, 0, 139);
INSERT INTO tblSale (seq, saleWay, discountPrice, reservationSeq) VALUES (140, 1, 0, 140);
INSERT INTO tblSale (seq, saleWay, discountPrice, reservationSeq) VALUES (141, 1, 0, 141);
INSERT INTO tblSale (seq, saleWay, discountPrice, reservationSeq) VALUES (142, 1, 0, 142);
INSERT INTO tblSale (seq, saleWay, discountPrice, reservationSeq) VALUES (143, 2, 1000, 143);

--11번 시간
INSERT INTO tblSale (seq, saleWay, discountPrice, reservationSeq) VALUES (144,  2, 1000, 144);
INSERT INTO tblSale (seq, saleWay, discountPrice, reservationSeq) VALUES (145,  1, 0, 145);
INSERT INTO tblSale (seq, saleWay, discountPrice, reservationSeq) VALUES (146,  2, 500, 146);
INSERT INTO tblSale (seq, saleWay, discountPrice, reservationSeq) VALUES (147,  1, 0, 147);
INSERT INTO tblSale (seq, saleWay, discountPrice, reservationSeq) VALUES (148,  1, 0, 148);
INSERT INTO tblSale (seq, saleWay, discountPrice, reservationSeq) VALUES (149,  2, 1500, 149);
INSERT INTO tblSale (seq, saleWay, discountPrice, reservationSeq) VALUES (150,  2, 1000, 150);
INSERT INTO tblSale (seq, saleWay, discountPrice, reservationSeq) VALUES (151,  1, 0, 151);
INSERT INTO tblSale (seq, saleWay, discountPrice, reservationSeq) VALUES (152,  1, 0, 152);
INSERT INTO tblSale (seq, saleWay, discountPrice, reservationSeq) VALUES (153, 1, 0, 153);
INSERT INTO tblSale (seq, saleWay, discountPrice, reservationSeq) VALUES (154, 1, 0, 154);
INSERT INTO tblSale (seq, saleWay, discountPrice, reservationSeq) VALUES (155, 1, 0, 155);
INSERT INTO tblSale (seq, saleWay, discountPrice, reservationSeq) VALUES (156, 2, 1000, 156);

--12번 시간
INSERT INTO tblSale (seq, saleWay, discountPrice, reservationSeq) VALUES (157,  2, 1000, 157);
INSERT INTO tblSale (seq, saleWay, discountPrice, reservationSeq) VALUES (158,  1, 0, 158);
INSERT INTO tblSale (seq, saleWay, discountPrice, reservationSeq) VALUES (159,  2, 500, 159);
INSERT INTO tblSale (seq, saleWay, discountPrice, reservationSeq) VALUES (160,  1, 0, 160);
INSERT INTO tblSale (seq, saleWay, discountPrice, reservationSeq) VALUES (161,  1, 0, 161);
INSERT INTO tblSale (seq, saleWay, discountPrice, reservationSeq) VALUES (162,  2, 1500, 162);
INSERT INTO tblSale (seq, saleWay, discountPrice, reservationSeq) VALUES (163,  2, 1000, 163);
INSERT INTO tblSale (seq, saleWay, discountPrice, reservationSeq) VALUES (164,  1, 0, 164);
INSERT INTO tblSale (seq, saleWay, discountPrice, reservationSeq) VALUES (165,  1, 0, 165);
INSERT INTO tblSale (seq, saleWay, discountPrice, reservationSeq) VALUES (166, 1, 0, 166);
INSERT INTO tblSale (seq, saleWay, discountPrice, reservationSeq) VALUES (167, 1, 0, 167);
INSERT INTO tblSale (seq, saleWay, discountPrice, reservationSeq) VALUES (168, 1, 0, 168);
INSERT INTO tblSale (seq, saleWay, discountPrice, reservationSeq) VALUES (169, 2, 1000, 169);



--결제
--7번시간
INSERT INTO tblPay (seq, payWay, payPrice, saleSeq) VALUES (92, 1, 19000, 92);
INSERT INTO tblPay (seq, payWay, payPrice, saleSeq) VALUES (93, 1, 36000, 93);
INSERT INTO tblPay (seq, payWay, payPrice, saleSeq) VALUES (94, 1, 17500, 94);
INSERT INTO tblPay (seq, payWay, payPrice, saleSeq) VALUES (95, 1, 8000, 95);
INSERT INTO tblPay (seq, payWay, payPrice, saleSeq) VALUES (96, 1, 24000, 96);
INSERT INTO tblPay (seq, payWay, payPrice, saleSeq) VALUES (97, 1, 28500, 97);
INSERT INTO tblPay (seq, payWay, payPrice, saleSeq) VALUES (98, 1, 15000, 98);
INSERT INTO tblPay (seq, payWay, payPrice, saleSeq) VALUES (99, 1, 48000, 99);
INSERT INTO tblPay (seq, payWay, payPrice, saleSeq) VALUES (100, 1, 54000, 100);
INSERT INTO tblPay (seq, payWay, payPrice, saleSeq) VALUES (101, 1, 24000, 101);
INSERT INTO tblPay (seq, payWay, payPrice, saleSeq) VALUES (102, 1, 62000, 102);
INSERT INTO tblPay (seq, payWay, payPrice, saleSeq) VALUES (103, 1, 36000, 103);
INSERT INTO tblPay (seq, payWay, payPrice, saleSeq) VALUES (104, 1, 19000, 104);
--INSERT INTO tblPay (seq, payWay, payPrice, saleSeq) VALUES (14, 1, 44000, 14);
--INSERT INTO tblPay (seq, payWay, payPrice, saleSeq) VALUES (15, 1, 72000, 15);


--8번시간
INSERT INTO tblPay (seq, payWay, payPrice, saleSeq) VALUES (105, 1, 19000, 105);
INSERT INTO tblPay (seq, payWay, payPrice, saleSeq) VALUES (106, 1, 36000, 106);
INSERT INTO tblPay (seq, payWay, payPrice, saleSeq) VALUES (107, 1, 17500, 107);
INSERT INTO tblPay (seq, payWay, payPrice, saleSeq) VALUES (108, 1, 8000, 108);
INSERT INTO tblPay (seq, payWay, payPrice, saleSeq) VALUES (109, 1, 24000, 109);
INSERT INTO tblPay (seq, payWay, payPrice, saleSeq) VALUES (110, 1, 28500, 110);
INSERT INTO tblPay (seq, payWay, payPrice, saleSeq) VALUES (111, 1, 15000, 111);
INSERT INTO tblPay (seq, payWay, payPrice, saleSeq) VALUES (112, 1, 48000, 112);
INSERT INTO tblPay (seq, payWay, payPrice, saleSeq) VALUES (113, 1, 54000, 113);
INSERT INTO tblPay (seq, payWay, payPrice, saleSeq) VALUES (114, 1, 24000, 114);
INSERT INTO tblPay (seq, payWay, payPrice, saleSeq) VALUES (115, 1, 62000, 115);
INSERT INTO tblPay (seq, payWay, payPrice, saleSeq) VALUES (116, 1, 36000, 116);
INSERT INTO tblPay (seq, payWay, payPrice, saleSeq) VALUES (117, 1, 19000, 117);


--9번시간
INSERT INTO tblPay (seq, payWay, payPrice, saleSeq) VALUES (118, 1, 19000, 118);
INSERT INTO tblPay (seq, payWay, payPrice, saleSeq) VALUES (119, 1, 36000, 119);
INSERT INTO tblPay (seq, payWay, payPrice, saleSeq) VALUES (120, 1, 17500, 120);
INSERT INTO tblPay (seq, payWay, payPrice, saleSeq) VALUES (121, 1, 8000, 121);
INSERT INTO tblPay (seq, payWay, payPrice, saleSeq) VALUES (122, 1, 24000, 122);
INSERT INTO tblPay (seq, payWay, payPrice, saleSeq) VALUES (123, 1, 28500, 123);
INSERT INTO tblPay (seq, payWay, payPrice, saleSeq) VALUES (124, 1, 15000, 124);
INSERT INTO tblPay (seq, payWay, payPrice, saleSeq) VALUES (125, 1, 48000, 125);
INSERT INTO tblPay (seq, payWay, payPrice, saleSeq) VALUES (126, 1, 54000, 126);
INSERT INTO tblPay (seq, payWay, payPrice, saleSeq) VALUES (127, 1, 24000, 127);
INSERT INTO tblPay (seq, payWay, payPrice, saleSeq) VALUES (128, 1, 62000, 128);
INSERT INTO tblPay (seq, payWay, payPrice, saleSeq) VALUES (129, 1, 36000, 129);
INSERT INTO tblPay (seq, payWay, payPrice, saleSeq) VALUES (130, 1, 19000, 130);

--10번시간
INSERT INTO tblPay (seq, payWay, payPrice, saleSeq) VALUES (131, 1, 19000, 131);
INSERT INTO tblPay (seq, payWay, payPrice, saleSeq) VALUES (132, 1, 36000, 132);
INSERT INTO tblPay (seq, payWay, payPrice, saleSeq) VALUES (133, 1, 17500, 133);
INSERT INTO tblPay (seq, payWay, payPrice, saleSeq) VALUES (134, 1, 8000, 134);
INSERT INTO tblPay (seq, payWay, payPrice, saleSeq) VALUES (135, 1, 24000, 135);
INSERT INTO tblPay (seq, payWay, payPrice, saleSeq) VALUES (136, 1, 28500, 136);
INSERT INTO tblPay (seq, payWay, payPrice, saleSeq) VALUES (137, 1, 15000, 137);
INSERT INTO tblPay (seq, payWay, payPrice, saleSeq) VALUES (138, 1, 48000, 138);
INSERT INTO tblPay (seq, payWay, payPrice, saleSeq) VALUES (139, 1, 54000, 139);
INSERT INTO tblPay (seq, payWay, payPrice, saleSeq) VALUES (140, 1, 24000, 140);
INSERT INTO tblPay (seq, payWay, payPrice, saleSeq) VALUES (141, 1, 62000, 141);
INSERT INTO tblPay (seq, payWay, payPrice, saleSeq) VALUES (142, 1, 36000, 142);
INSERT INTO tblPay (seq, payWay, payPrice, saleSeq) VALUES (143, 1, 19000, 143);

--11번시간
INSERT INTO tblPay (seq, payWay, payPrice, saleSeq) VALUES (144, 1, 19000, 144);
INSERT INTO tblPay (seq, payWay, payPrice, saleSeq) VALUES (145, 1, 36000, 145);
INSERT INTO tblPay (seq, payWay, payPrice, saleSeq) VALUES (146, 1, 17500, 146);
INSERT INTO tblPay (seq, payWay, payPrice, saleSeq) VALUES (147, 1, 8000, 147);
INSERT INTO tblPay (seq, payWay, payPrice, saleSeq) VALUES (148, 1, 24000, 148);
INSERT INTO tblPay (seq, payWay, payPrice, saleSeq) VALUES (149, 1, 28500, 149);
INSERT INTO tblPay (seq, payWay, payPrice, saleSeq) VALUES (150, 1, 15000, 150);
INSERT INTO tblPay (seq, payWay, payPrice, saleSeq) VALUES (151, 1, 54000, 151);
INSERT INTO tblPay (seq, payWay, payPrice, saleSeq) VALUES (152, 1, 24000, 152);
INSERT INTO tblPay (seq, payWay, payPrice, saleSeq) VALUES (153, 1, 62000, 153);
INSERT INTO tblPay (seq, payWay, payPrice, saleSeq) VALUES (154, 1, 36000, 154);
INSERT INTO tblPay (seq, payWay, payPrice, saleSeq) VALUES (155, 1, 19000, 155);
INSERT INTO tblPay (seq, payWay, payPrice, saleSeq) VALUES (156, 1, 19000, 156);

--12번시간
INSERT INTO tblPay (seq, payWay, payPrice, saleSeq) VALUES (157, 1, 36000, 157);
INSERT INTO tblPay (seq, payWay, payPrice, saleSeq) VALUES (158, 1, 17500, 158);
INSERT INTO tblPay (seq, payWay, payPrice, saleSeq) VALUES (159, 1, 8000, 159);
INSERT INTO tblPay (seq, payWay, payPrice, saleSeq) VALUES (160, 1, 24000, 160);
INSERT INTO tblPay (seq, payWay, payPrice, saleSeq) VALUES (161, 1, 28500, 161);
INSERT INTO tblPay (seq, payWay, payPrice, saleSeq) VALUES (162, 1, 15000, 162);
INSERT INTO tblPay (seq, payWay, payPrice, saleSeq) VALUES (163, 1, 48000, 163);
INSERT INTO tblPay (seq, payWay, payPrice, saleSeq) VALUES (164, 1, 54000, 164);
INSERT INTO tblPay (seq, payWay, payPrice, saleSeq) VALUES (165, 1, 24000, 165);
INSERT INTO tblPay (seq, payWay, payPrice, saleSeq) VALUES (166, 1, 62000, 166);
INSERT INTO tblPay (seq, payWay, payPrice, saleSeq) VALUES (167, 1, 36000, 167);
INSERT INTO tblPay (seq, payWay, payPrice, saleSeq) VALUES (168, 1, 19000, 168);
INSERT INTO tblPay (seq, payWay, payPrice, saleSeq) VALUES (169, 1, 19000, 169);



--포인트 적립 사용 내역
--7번 시간
INSERT INTO tblMileage (seq, detail, point, userSeq, saleSeq) VALUES (92, 2, -1000, 3, 92);
INSERT INTO tblMileage (seq, detail, point, userSeq, saleSeq) VALUES (93, 1, 360, 4, 93);
INSERT INTO tblMileage (seq, detail, point, userSeq, saleSeq) VALUES (94, 2, -500, 5, 94);
INSERT INTO tblMileage (seq, detail, point, userSeq, saleSeq) VALUES (95, 1, 80, 6, 95);
INSERT INTO tblMileage (seq, detail, point, userSeq, saleSeq) VALUES (96, 1, 240, 7, 96);
INSERT INTO tblMileage (seq, detail, point, userSeq, saleSeq) VALUES (97, 2, -1500, 8, 97);
INSERT INTO tblMileage (seq, detail, point, userSeq, saleSeq) VALUES (98, 2, -1000, 9, 98);
INSERT INTO tblMileage (seq, detail, point, userSeq, saleSeq) VALUES (99, 1, 480, 10, 99);
INSERT INTO tblMileage (seq, detail, point, userSeq, saleSeq) VALUES (100, 1, 540, 11, 100);
INSERT INTO tblMileage (seq, detail, point, userSeq, saleSeq) VALUES (101, 1, 240, 12, 101);
INSERT INTO tblMileage (seq, detail, point, userSeq, saleSeq) VALUES (102, 1, 620, 13, 102);
INSERT INTO tblMileage (seq, detail, point, userSeq, saleSeq) VALUES (103, 1, 360, 14, 103);
INSERT INTO tblMileage (seq, detail, point, userSeq, saleSeq) VALUES (104, 2, -1000, 15, 104);
--INSERT INTO tblMileage (seq, detail, point, userSeq, saleSeq) VALUES (14, 1, 440, 14, 14);
--INSERT INTO tblMileage (seq, detail, point, userSeq, saleSeq) VALUES (15, 1, 720, 15, 15);

--8번시간
INSERT INTO tblMileage (seq, detail, point, userSeq, saleSeq) VALUES (105, 2, -1000, 3, 105);   
INSERT INTO tblMileage (seq, detail, point, userSeq, saleSeq) VALUES (106, 1, 360, 4, 106);     
INSERT INTO tblMileage (seq, detail, point, userSeq, saleSeq) VALUES (107, 2, -500, 5, 107);    
INSERT INTO tblMileage (seq, detail, point, userSeq, saleSeq) VALUES (108, 1, 80, 6, 108);      
INSERT INTO tblMileage (seq, detail, point, userSeq, saleSeq) VALUES (109, 1, 240, 7, 109);     
INSERT INTO tblMileage (seq, detail, point, userSeq, saleSeq) VALUES (110, 2, -1500, 8, 110);   
INSERT INTO tblMileage (seq, detail, point, userSeq, saleSeq) VALUES (111, 2, -1000, 9, 111);   
INSERT INTO tblMileage (seq, detail, point, userSeq, saleSeq) VALUES (112, 1, 480, 10, 112);    
INSERT INTO tblMileage (seq, detail, point, userSeq, saleSeq) VALUES (113, 1, 540, 11, 113);  
INSERT INTO tblMileage (seq, detail, point, userSeq, saleSeq) VALUES (114, 1, 240, 12, 114);  
INSERT INTO tblMileage (seq, detail, point, userSeq, saleSeq) VALUES (115, 1, 620, 13, 115);  
INSERT INTO tblMileage (seq, detail, point, userSeq, saleSeq) VALUES (116, 1, 360, 14, 116);  
INSERT INTO tblMileage (seq, detail, point, userSeq, saleSeq) VALUES (117, 2, -1000, 15, 117);


--9번시간
INSERT INTO tblMileage (seq, detail, point, userSeq, saleSeq) VALUES (118, 2, -1000, 3, 118); 
INSERT INTO tblMileage (seq, detail, point, userSeq, saleSeq) VALUES (119, 1, 360, 4, 119);   
INSERT INTO tblMileage (seq, detail, point, userSeq, saleSeq) VALUES (120, 2, -500, 5, 120);  
INSERT INTO tblMileage (seq, detail, point, userSeq, saleSeq) VALUES (121, 1, 80, 6, 121);    
INSERT INTO tblMileage (seq, detail, point, userSeq, saleSeq) VALUES (122, 1, 240, 7, 122);   
INSERT INTO tblMileage (seq, detail, point, userSeq, saleSeq) VALUES (123, 2, -1500, 8, 123); 
INSERT INTO tblMileage (seq, detail, point, userSeq, saleSeq) VALUES (124, 2, -1000, 9, 124); 
INSERT INTO tblMileage (seq, detail, point, userSeq, saleSeq) VALUES (125, 1, 480, 10, 125);  
INSERT INTO tblMileage (seq, detail, point, userSeq, saleSeq) VALUES (126, 1, 540, 11, 126);  
INSERT INTO tblMileage (seq, detail, point, userSeq, saleSeq) VALUES (127, 1, 240, 12, 127);  
INSERT INTO tblMileage (seq, detail, point, userSeq, saleSeq) VALUES (128, 1, 620, 13, 128);  
INSERT INTO tblMileage (seq, detail, point, userSeq, saleSeq) VALUES (129, 1, 360, 14, 139);  
INSERT INTO tblMileage (seq, detail, point, userSeq, saleSeq) VALUES (130, 2, -1000, 15, 130);

--10번시간
INSERT INTO tblMileage (seq, detail, point, userSeq, saleSeq) VALUES (131, 2, -1000, 3, 131); 
INSERT INTO tblMileage (seq, detail, point, userSeq, saleSeq) VALUES (132, 1, 360, 4, 132);   
INSERT INTO tblMileage (seq, detail, point, userSeq, saleSeq) VALUES (133, 2, -500, 5, 133);  
INSERT INTO tblMileage (seq, detail, point, userSeq, saleSeq) VALUES (134, 1, 80, 6, 134);    
INSERT INTO tblMileage (seq, detail, point, userSeq, saleSeq) VALUES (135, 1, 240, 7, 135);   
INSERT INTO tblMileage (seq, detail, point, userSeq, saleSeq) VALUES (136, 2, -1500, 8, 136); 
INSERT INTO tblMileage (seq, detail, point, userSeq, saleSeq) VALUES (137, 2, -1000, 9, 137); 
INSERT INTO tblMileage (seq, detail, point, userSeq, saleSeq) VALUES (138, 1, 480, 10, 138);  
INSERT INTO tblMileage (seq, detail, point, userSeq, saleSeq) VALUES (139, 1, 540, 11, 139);  
INSERT INTO tblMileage (seq, detail, point, userSeq, saleSeq) VALUES (140, 1, 240, 12, 140);  
INSERT INTO tblMileage (seq, detail, point, userSeq, saleSeq) VALUES (141, 1, 620, 13, 141);  
INSERT INTO tblMileage (seq, detail, point, userSeq, saleSeq) VALUES (142, 1, 360, 14, 142);  
INSERT INTO tblMileage (seq, detail, point, userSeq, saleSeq) VALUES (143, 2, -1000, 15, 143);

--11번시간
INSERT INTO tblMileage (seq, detail, point, userSeq, saleSeq) VALUES (144, 2, -1000, 3, 144); 
INSERT INTO tblMileage (seq, detail, point, userSeq, saleSeq) VALUES (145, 1, 360, 4, 145);   
INSERT INTO tblMileage (seq, detail, point, userSeq, saleSeq) VALUES (146, 2, -500, 5, 146);  
INSERT INTO tblMileage (seq, detail, point, userSeq, saleSeq) VALUES (147, 1, 80, 6, 147);    
INSERT INTO tblMileage (seq, detail, point, userSeq, saleSeq) VALUES (148, 1, 240, 7, 148);   
INSERT INTO tblMileage (seq, detail, point, userSeq, saleSeq) VALUES (149, 2, -1500, 8, 149); 
INSERT INTO tblMileage (seq, detail, point, userSeq, saleSeq) VALUES (150, 2, -1000, 9, 150); 
INSERT INTO tblMileage (seq, detail, point, userSeq, saleSeq) VALUES (151, 1, 480, 10, 151);  
INSERT INTO tblMileage (seq, detail, point, userSeq, saleSeq) VALUES (152, 1, 540, 11, 152);  
INSERT INTO tblMileage (seq, detail, point, userSeq, saleSeq) VALUES (153, 1, 240, 12, 153);  
INSERT INTO tblMileage (seq, detail, point, userSeq, saleSeq) VALUES (154, 1, 620, 13, 154);  
INSERT INTO tblMileage (seq, detail, point, userSeq, saleSeq) VALUES (155, 1, 360, 14, 155);  
INSERT INTO tblMileage (seq, detail, point, userSeq, saleSeq) VALUES (156, 2, -1000, 15, 156);

--12번시간
INSERT INTO tblMileage (seq, detail, point, userSeq, saleSeq) VALUES (157, 2, -1000, 3, 157); 
INSERT INTO tblMileage (seq, detail, point, userSeq, saleSeq) VALUES (158, 1, 360, 4, 158);   
INSERT INTO tblMileage (seq, detail, point, userSeq, saleSeq) VALUES (159, 2, -500, 5, 159);  
INSERT INTO tblMileage (seq, detail, point, userSeq, saleSeq) VALUES (160, 1, 80, 6, 160);    
INSERT INTO tblMileage (seq, detail, point, userSeq, saleSeq) VALUES (161, 1, 240, 7, 161);   
INSERT INTO tblMileage (seq, detail, point, userSeq, saleSeq) VALUES (162, 2, -1500, 8, 162); 
INSERT INTO tblMileage (seq, detail, point, userSeq, saleSeq) VALUES (163, 2, -1000, 9, 163); 
INSERT INTO tblMileage (seq, detail, point, userSeq, saleSeq) VALUES (164, 1, 480, 10, 164);  
INSERT INTO tblMileage (seq, detail, point, userSeq, saleSeq) VALUES (165, 1, 540, 11, 165);  
INSERT INTO tblMileage (seq, detail, point, userSeq, saleSeq) VALUES (166, 1, 240, 12, 166);  
INSERT INTO tblMileage (seq, detail, point, userSeq, saleSeq) VALUES (167, 1, 620, 13, 167);  
INSERT INTO tblMileage (seq, detail, point, userSeq, saleSeq) VALUES (168, 1, 360, 14, 168);  
INSERT INTO tblMileage (seq, detail, point, userSeq, saleSeq) VALUES (169, 2, -1000, 15, 169);




--------------그래프 성비,연령대 위한 추가                                                                                                 
--7번시간                                                                                                                
INSERT INTO tblReservation (seq, adult, teen, senior, total, userSeq, screenTimeSeq) VALUES (170, 3, 4, 3, 10, 11, 139);
                                                                                                                    
INSERT INTO tblReservePay (seq, totalPrice, reservationSeq) VALUES (170, 80000, 170);                                 
                                                                                                                    
INSERT INTO tblSeat (seq, seat, reservationSeq) VALUES (590, 'P4', 170);                                               
INSERT INTO tblSeat (seq, seat, reservationSeq) VALUES (591, 'P5', 170);                                               
INSERT INTO tblSeat (seq, seat, reservationSeq) VALUES (592, 'P6', 170);                                               
INSERT INTO tblSeat (seq, seat, reservationSeq) VALUES (593, 'P7', 170);                                               
INSERT INTO tblSeat (seq, seat, reservationSeq) VALUES (594, 'P8', 170);                                               
INSERT INTO tblSeat (seq, seat, reservationSeq) VALUES (595, 'Q4', 170);                                               
INSERT INTO tblSeat (seq, seat, reservationSeq) VALUES (596, 'Q5', 170);                                               
INSERT INTO tblSeat (seq, seat, reservationSeq) VALUES (597, 'Q6', 170);                                               
INSERT INTO tblSeat (seq, seat, reservationSeq) VALUES (598, 'Q7', 170);                                               
INSERT INTO tblSeat (seq, seat, reservationSeq) VALUES (599, 'Q8', 170);                                               
                                                                                                                    
INSERT INTO tblSale (seq, saleWay, discountPrice, reservationSeq) VALUES (170,  2, 1000, 170);                         
                                                                                                                    
INSERT INTO tblPay (seq, payWay, payPrice, saleSeq) VALUES (170, 1, 79000, 170);                                      
                                                                                                                    
INSERT INTO tblMileage (seq, detail, point, userSeq, saleSeq) VALUES (170, 2, -1000, 11, 170);                         
                                                                                                                    
-----------                                                                                                         
INSERT INTO tblReservation (seq, adult, teen, senior, total, userSeq, screenTimeSeq) VALUES (171, 2, 2, 2, 6, 11, 139); 
                                                                                                                    
INSERT INTO tblReservePay (seq, totalPrice, reservationSeq) VALUES (171, 48000, 171);                                 
                                                                                                                    
INSERT INTO tblSeat (seq, seat, reservationSeq) VALUES (600, 'E5', 171);                                               
INSERT INTO tblSeat (seq, seat, reservationSeq) VALUES (601, 'E6', 171);                                               
INSERT INTO tblSeat (seq, seat, reservationSeq) VALUES (602, 'E7', 171);                                               
INSERT INTO tblSeat (seq, seat, reservationSeq) VALUES (603, 'F5', 171);                                               
INSERT INTO tblSeat (seq, seat, reservationSeq) VALUES (604, 'F6', 171);                                               
INSERT INTO tblSeat (seq, seat, reservationSeq) VALUES (605, 'F7', 171);                                               
                                                                                                                    
INSERT INTO tblSale (seq, saleWay, discountPrice, reservationSeq) VALUES (171,  1, 0, 171);                           
                                                                                                                    
INSERT INTO tblPay (seq, payWay, payPrice, saleSeq) VALUES (171, 1, 48000, 171);                                      
                                                                                                                    
INSERT INTO tblMileage (seq, detail, point, userSeq, saleSeq) VALUES (171, 1, 480, 11, 171);                           
                                                                                                                    
-----------                                                                                                         
INSERT INTO tblReservation (seq, adult, teen, senior, total, userSeq, screenTimeSeq) VALUES (172, 1, 1, 0, 2, 11, 140); 
                                                                                                                    
INSERT INTO tblReservePay (seq, totalPrice, reservationSeq) VALUES (172, 18000, 172);                                 
                                                                                                                    
INSERT INTO tblSeat (seq, seat, reservationSeq) VALUES (606, 'G13', 172);                                              
INSERT INTO tblSeat (seq, seat, reservationSeq) VALUES (607, 'G14', 172);                                              
                                                                                                                    
INSERT INTO tblSale (seq, saleWay, discountPrice, reservationSeq) VALUES (172,  1, 0, 172);                           
                                                                                                                    
INSERT INTO tblPay (seq, payWay, payPrice, saleSeq) VALUES (172, 1, 18000, 172);                                      
                                                                                                                    
INSERT INTO tblMileage (seq, detail, point, userSeq, saleSeq) VALUES (172, 1, 480, 11, 172);                           
                                                                                                                    
-----------                                                                                                         
INSERT INTO tblReservation (seq, adult, teen, senior, total, userSeq, screenTimeSeq) VALUES (173, 1, 1, 0, 2, 11, 140); 
                                                                                                                    
INSERT INTO tblReservePay (seq, totalPrice, reservationSeq) VALUES (173, 18000, 173);                                 
                                                                                                                    
INSERT INTO tblSeat (seq, seat, reservationSeq) VALUES (608, 'E17', 173);                                              
INSERT INTO tblSeat (seq, seat, reservationSeq) VALUES (609, 'E18', 173);                                              
                                                                                                                    
INSERT INTO tblSale (seq, saleWay, discountPrice, reservationSeq) VALUES (173,  1, 0, 173);                           
                                                                                                                    
INSERT INTO tblPay (seq, payWay, payPrice, saleSeq) VALUES (173, 1, 18000, 173);                                      
                                                                                                                    
INSERT INTO tblMileage (seq, detail, point, userSeq, saleSeq) VALUES (173, 1, 480, 11, 173);                           
-----------                                                                                                         
INSERT INTO tblReservation (seq, adult, teen, senior, total, userSeq, screenTimeSeq) VALUES (174, 1, 1, 0, 2, 11, 141); 
                                                                                                                    
INSERT INTO tblReservePay (seq, totalPrice, reservationSeq) VALUES (174, 18000, 174);                                 
                                                                                                                    
INSERT INTO tblSeat (seq, seat, reservationSeq) VALUES (610, 'J14', 174);                                              
INSERT INTO tblSeat (seq, seat, reservationSeq) VALUES (611, 'J15', 174);                                              
                                                                                                                    
INSERT INTO tblSale (seq, saleWay, discountPrice, reservationSeq) VALUES (174,  1, 0, 174);                           
                                                                                                                    
INSERT INTO tblPay (seq, payWay, payPrice, saleSeq) VALUES (174, 1, 18000, 174);                                      
                                                                                                                    
INSERT INTO tblMileage (seq, detail, point, userSeq, saleSeq) VALUES (174, 1, 480, 11, 174);                           
-----------                                                                                                         
INSERT INTO tblReservation (seq, adult, teen, senior, total, userSeq, screenTimeSeq) VALUES (175, 1, 1, 0, 2, 11, 141); 
                                                                                                                    
INSERT INTO tblReservePay (seq, totalPrice, reservationSeq) VALUES (175, 18000, 84);                                 
                                                                                                                    
INSERT INTO tblSeat (seq, seat, reservationSeq) VALUES (612, 'K2', 175);                                               
INSERT INTO tblSeat (seq, seat, reservationSeq) VALUES (613, 'K3', 175);                                               
                                                                                                                    
INSERT INTO tblSale (seq, saleWay, discountPrice, reservationSeq) VALUES (175,  1, 0, 175);                           
                                                                                                                    
INSERT INTO tblPay (seq, payWay, payPrice, saleSeq) VALUES (175, 1, 18000, 175);                                      
                                                                                                                    
INSERT INTO tblMileage (seq, detail, point, userSeq, saleSeq) VALUES (175, 1, 480, 11, 175);                           
-----------                                                                                                         
INSERT INTO tblReservation (seq, adult, teen, senior, total, userSeq, screenTimeSeq) VALUES (176, 1, 1, 0, 2, 8, 142); 
                                                                                                                    
INSERT INTO tblReservePay (seq, totalPrice, reservationSeq) VALUES (176, 18000, 176);                                 
                                                                                                                    
INSERT INTO tblSeat (seq, seat, reservationSeq) VALUES (614, 'L8', 176);                                               
INSERT INTO tblSeat (seq, seat, reservationSeq) VALUES (615, 'L9', 176);                                               
                                                                                                                    
INSERT INTO tblSale (seq, saleWay, discountPrice, reservationSeq) VALUES (176,  1, 0, 176);                           
                                                                                                                    
INSERT INTO tblPay (seq, payWay, payPrice, saleSeq) VALUES (176, 1, 18000, 176);                                      
                                                                                                                    
INSERT INTO tblMileage (seq, detail, point, userSeq, saleSeq) VALUES (176, 1, 480, 11, 176);                           
-----------                                                                                                         
INSERT INTO tblReservation (seq, adult, teen, senior, total, userSeq, screenTimeSeq) VALUES (177, 1, 1, 0, 2, 11, 142); 
                                                                                                                    
INSERT INTO tblReservePay (seq, totalPrice, reservationSeq) VALUES (177, 18000, 177);                                 
                                                                                                                    
INSERT INTO tblSeat (seq, seat, reservationSeq) VALUES (616, 'K17', 177);                                              
INSERT INTO tblSeat (seq, seat, reservationSeq) VALUES (617, 'K18', 177);                                              
                                                                                                                    
INSERT INTO tblSale (seq, saleWay, discountPrice, reservationSeq) VALUES (177,  1, 0, 177);                           
                                                                                                                    
INSERT INTO tblPay (seq, payWay, payPrice, saleSeq) VALUES (177, 1, 18000, 177);                                      
                                                                                                                    
INSERT INTO tblMileage (seq, detail, point, userSeq, saleSeq) VALUES (177, 1, 480, 11, 177);                           
                                                                                                                    
-----------                                                                                                         
INSERT INTO tblReservation (seq, adult, teen, senior, total, userSeq, screenTimeSeq) VALUES (178, 1, 1, 0, 2, 11, 143); 
                                                                                                                    
INSERT INTO tblReservePay (seq, totalPrice, reservationSeq) VALUES (178, 18000, 178);                                 
                                                                                                                    
INSERT INTO tblSeat (seq, seat, reservationSeq) VALUES (618, 'I8', 178);                                               
INSERT INTO tblSeat (seq, seat, reservationSeq) VALUES (619, 'I9', 178);                                               
                                                                                                                    
INSERT INTO tblSale (seq, saleWay, discountPrice, reservationSeq) VALUES (178,  1, 0, 178);                           
                                                                                                                    
INSERT INTO tblPay (seq, payWay, payPrice, saleSeq) VALUES (178, 1, 18000, 178);                                      
                                                                                                                    
INSERT INTO tblMileage (seq, detail, point, userSeq, saleSeq) VALUES (178, 1, 480, 11, 178);                           
-----------                                                                                                         
INSERT INTO tblReservation (seq, adult, teen, senior, total, userSeq, screenTimeSeq) VALUES (179, 1, 1, 0, 2, 11, 143); 
                                                                                                                    
INSERT INTO tblReservePay (seq, totalPrice, reservationSeq) VALUES (179, 18000, 179);                                 
                                                                                                                    
INSERT INTO tblSeat (seq, seat, reservationSeq) VALUES (620, 'H11', 179);                                              
INSERT INTO tblSeat (seq, seat, reservationSeq) VALUES (621, 'H12', 179);                                              
                                                                                                                    
INSERT INTO tblSale (seq, saleWay, discountPrice, reservationSeq) VALUES (179,  1, 0, 179);                           
                                                                                                                    
INSERT INTO tblPay (seq, payWay, payPrice, saleSeq) VALUES (179, 1, 18000, 179);                                      
                                                                                                                    
INSERT INTO tblMileage (seq, detail, point, userSeq, saleSeq) VALUES (179, 1, 480, 11, 179);                           
-----------                                                                                                         
INSERT INTO tblReservation (seq, adult, teen, senior, total, userSeq, screenTimeSeq) VALUES (180, 1, 1, 0, 2, 11, 144); 
                                                                                                                    
INSERT INTO tblReservePay (seq, totalPrice, reservationSeq) VALUES (180, 18000, 180);                                 
                                                                                                                    
INSERT INTO tblSeat (seq, seat, reservationSeq) VALUES (622, 'Q6', 180);                                               
INSERT INTO tblSeat (seq, seat, reservationSeq) VALUES (623, 'Q7', 180);                                               
                                                                                                                    
INSERT INTO tblSale (seq, saleWay, discountPrice, reservationSeq) VALUES (180,  1, 0, 180);                           
                                                                                                                    
INSERT INTO tblPay (seq, payWay, payPrice, saleSeq) VALUES (180, 1, 18000, 180);                                      
                                                                                                                    
INSERT INTO tblMileage (seq, detail, point, userSeq, saleSeq) VALUES (180, 1, 480, 11, 180);                           
-----------                                                                                                         
INSERT INTO tblReservation (seq, adult, teen, senior, total, userSeq, screenTimeSeq) VALUES (181, 1, 1, 0, 2, 11, 144); 
                                                                                                                    
INSERT INTO tblReservePay (seq, totalPrice, reservationSeq) VALUES (181, 18000, 181);                                 
                                                                                                                    
INSERT INTO tblSeat (seq, seat, reservationSeq) VALUES (624, 'Q1', 181);                                               
INSERT INTO tblSeat (seq, seat, reservationSeq) VALUES (625, 'Q2', 181);                                               
                                                                                                                    
INSERT INTO tblSale (seq, saleWay, discountPrice, reservationSeq) VALUES (181,  1, 0, 181);                           
                                                                                                                    
INSERT INTO tblPay (seq, payWay, payPrice, saleSeq) VALUES (181, 1, 18000, 181);                                      
                                                                                                                    
INSERT INTO tblMileage (seq, detail, point, userSeq, saleSeq) VALUES (181, 1, 480, 11, 181);                           
-----------                                                                                                         
INSERT INTO tblReservation (seq, adult, teen, senior, total, userSeq, screenTimeSeq) VALUES (182, 1, 1, 0, 2, 11, 144); 
                                                                                                                    
INSERT INTO tblReservePay (seq, totalPrice, reservationSeq) VALUES (182, 18000, 182);                                 
                                                                                                                    
INSERT INTO tblSeat (seq, seat, reservationSeq) VALUES (626, 'J10', 182);                                              
INSERT INTO tblSeat (seq, seat, reservationSeq) VALUES (627, 'J11', 182);                                              
                                                                                                                    
INSERT INTO tblSale (seq, saleWay, discountPrice, reservationSeq) VALUES (182,  1, 0, 182);                           
                                                                                                                    
INSERT INTO tblPay (seq, payWay, payPrice, saleSeq) VALUES (182, 1, 18000, 91);                                      
                                                                                                                    
INSERT INTO tblMileage (seq, detail, point, userSeq, saleSeq) VALUES (182, 1, 480, 11, 182);                           
                           




----------------------------------
--3/27
--예매
--1번영화
INSERT INTO tblReservation (seq, adult, teen, senior, total, userSeq, screenTimeSeq) VALUES (183, 1, 1, 0, 2, 3, 25);
INSERT INTO tblReservation (seq, adult, teen, senior, total, userSeq, screenTimeSeq) VALUES (184, 0, 1, 0, 1, 4, 25);
INSERT INTO tblReservation (seq, adult, teen, senior, total, userSeq, screenTimeSeq) VALUES (185, 0, 0, 4, 4, 5, 25);
INSERT INTO tblReservation (seq, adult, teen, senior, total, userSeq, screenTimeSeq) VALUES (186, 1, 1, 2, 4, 6, 25);
INSERT INTO tblReservation (seq, adult, teen, senior, total, userSeq, screenTimeSeq) VALUES (187, 0, 2, 0, 2, 7, 25);
INSERT INTO tblReservation (seq, adult, teen, senior, total, userSeq, screenTimeSeq) VALUES (188, 2, 2, 2, 6, 8, 25);
INSERT INTO tblReservation (seq, adult, teen, senior, total, userSeq, screenTimeSeq) VALUES (189, 3, 3, 0, 6, 9, 25);
INSERT INTO tblReservation (seq, adult, teen, senior, total, userSeq, screenTimeSeq) VALUES (190, 1, 1, 1, 3, 10, 25);
INSERT INTO tblReservation (seq, adult, teen, senior, total, userSeq, screenTimeSeq) VALUES (191, 2, 3, 3, 8, 11, 25);
INSERT INTO tblReservation (seq, adult, teen, senior, total, userSeq, screenTimeSeq) VALUES (192, 2, 2, 0, 4, 12, 25);
INSERT INTO tblReservation (seq, adult, teen, senior, total, userSeq, screenTimeSeq) VALUES (193, 2, 0, 0, 2, 13, 25);
INSERT INTO tblReservation (seq, adult, teen, senior, total, userSeq, screenTimeSeq) VALUES (194, 2, 4, 0, 6, 14, 25);
INSERT INTO tblReservation (seq, adult, teen, senior, total, userSeq, screenTimeSeq) VALUES (195, 3, 3, 3, 9, 15, 25);

INSERT INTO tblReservation (seq, adult, teen, senior, total, userSeq, screenTimeSeq) VALUES (196, 0, 1, 1, 2, 3, 25);
INSERT INTO tblReservation (seq, adult, teen, senior, total, userSeq, screenTimeSeq) VALUES (197, 1, 2, 1, 4, 3, 25);
INSERT INTO tblReservation (seq, adult, teen, senior, total, userSeq, screenTimeSeq) VALUES (198, 2, 0, 0, 2, 3, 25);
INSERT INTO tblReservation (seq, adult, teen, senior, total, userSeq, screenTimeSeq) VALUES (199, 0, 4, 0, 4, 7, 25);
INSERT INTO tblReservation (seq, adult, teen, senior, total, userSeq, screenTimeSeq) VALUES (200, 3, 0, 0, 3, 7, 25);
INSERT INTO tblReservation (seq, adult, teen, senior, total, userSeq, screenTimeSeq) VALUES (201, 1, 2, 4, 7, 8, 25);
INSERT INTO tblReservation (seq, adult, teen, senior, total, userSeq, screenTimeSeq) VALUES (202, 2, 0, 2, 4, 8, 25);
INSERT INTO tblReservation (seq, adult, teen, senior, total, userSeq, screenTimeSeq) VALUES (203, 1, 3, 0, 4, 10, 25);
INSERT INTO tblReservation (seq, adult, teen, senior, total, userSeq, screenTimeSeq) VALUES (204, 0, 2, 2, 4, 10, 25);
INSERT INTO tblReservation (seq, adult, teen, senior, total, userSeq, screenTimeSeq) VALUES (205, 1, 2, 0, 3, 10, 25);


--2번영화
INSERT INTO tblReservation (seq, adult, teen, senior, total, userSeq, screenTimeSeq) VALUES (206, 1, 1, 0, 2, 3, 109);
INSERT INTO tblReservation (seq, adult, teen, senior, total, userSeq, screenTimeSeq) VALUES (207, 0, 1, 0, 1, 4, 109);
INSERT INTO tblReservation (seq, adult, teen, senior, total, userSeq, screenTimeSeq) VALUES (208, 0, 0, 4, 4, 5, 109);
INSERT INTO tblReservation (seq, adult, teen, senior, total, userSeq, screenTimeSeq) VALUES (209, 1, 1, 2, 4, 6, 109);
INSERT INTO tblReservation (seq, adult, teen, senior, total, userSeq, screenTimeSeq) VALUES (210, 0, 2, 0, 2, 7, 109);
INSERT INTO tblReservation (seq, adult, teen, senior, total, userSeq, screenTimeSeq) VALUES (211, 2, 2, 2, 6, 8, 109);
INSERT INTO tblReservation (seq, adult, teen, senior, total, userSeq, screenTimeSeq) VALUES (212, 3, 3, 0, 6, 9, 109);
INSERT INTO tblReservation (seq, adult, teen, senior, total, userSeq, screenTimeSeq) VALUES (213, 1, 1, 1, 3, 10, 109);
INSERT INTO tblReservation (seq, adult, teen, senior, total, userSeq, screenTimeSeq) VALUES (214, 2, 3, 3, 8, 11, 109);
INSERT INTO tblReservation (seq, adult, teen, senior, total, userSeq, screenTimeSeq) VALUES (215, 2, 2, 0, 4, 12, 109);
INSERT INTO tblReservation (seq, adult, teen, senior, total, userSeq, screenTimeSeq) VALUES (216, 2, 0, 0, 2, 13, 109);
INSERT INTO tblReservation (seq, adult, teen, senior, total, userSeq, screenTimeSeq) VALUES (217, 2, 4, 0, 6, 14, 109);
INSERT INTO tblReservation (seq, adult, teen, senior, total, userSeq, screenTimeSeq) VALUES (218, 3, 3, 3, 9, 15, 109);

INSERT INTO tblReservation (seq, adult, teen, senior, total, userSeq, screenTimeSeq) VALUES (219, 0, 1, 1, 2, 3, 109);
INSERT INTO tblReservation (seq, adult, teen, senior, total, userSeq, screenTimeSeq) VALUES (220, 1, 2, 1, 4, 3, 109);
INSERT INTO tblReservation (seq, adult, teen, senior, total, userSeq, screenTimeSeq) VALUES (221, 2, 0, 0, 2, 3, 109);
INSERT INTO tblReservation (seq, adult, teen, senior, total, userSeq, screenTimeSeq) VALUES (222, 0, 4, 0, 4, 7, 109);
INSERT INTO tblReservation (seq, adult, teen, senior, total, userSeq, screenTimeSeq) VALUES (223, 3, 0, 0, 3, 7, 109);
INSERT INTO tblReservation (seq, adult, teen, senior, total, userSeq, screenTimeSeq) VALUES (224, 1, 2, 4, 7, 8, 109);
INSERT INTO tblReservation (seq, adult, teen, senior, total, userSeq, screenTimeSeq) VALUES (225, 2, 0, 2, 4, 8, 109);
INSERT INTO tblReservation (seq, adult, teen, senior, total, userSeq, screenTimeSeq) VALUES (226, 2, 3, 0, 4, 11, 109);
INSERT INTO tblReservation (seq, adult, teen, senior, total, userSeq, screenTimeSeq) VALUES (227, 2, 2, 2, 4, 11, 109);
INSERT INTO tblReservation (seq, adult, teen, senior, total, userSeq, screenTimeSeq) VALUES (228, 2, 1, 0, 3, 12, 109);
INSERT INTO tblReservation (seq, adult, teen, senior, total, userSeq, screenTimeSeq) VALUES (229, 2, 1, 0, 3, 12, 109);
INSERT INTO tblReservation (seq, adult, teen, senior, total, userSeq, screenTimeSeq) VALUES (230, 2, 1, 0, 3, 14, 109);
INSERT INTO tblReservation (seq, adult, teen, senior, total, userSeq, screenTimeSeq) VALUES (231, 2, 1, 0, 3, 14, 109);

--3번영화
INSERT INTO tblReservation (seq, adult, teen, senior, total, userSeq, screenTimeSeq) VALUES (232, 1, 1, 0, 2, 3, 193);
INSERT INTO tblReservation (seq, adult, teen, senior, total, userSeq, screenTimeSeq) VALUES (233, 0, 1, 0, 1, 4, 193);
INSERT INTO tblReservation (seq, adult, teen, senior, total, userSeq, screenTimeSeq) VALUES (234, 0, 0, 4, 4, 5, 193);
INSERT INTO tblReservation (seq, adult, teen, senior, total, userSeq, screenTimeSeq) VALUES (235, 1, 1, 2, 4, 6, 193);
INSERT INTO tblReservation (seq, adult, teen, senior, total, userSeq, screenTimeSeq) VALUES (236, 0, 2, 0, 2, 7, 193);
INSERT INTO tblReservation (seq, adult, teen, senior, total, userSeq, screenTimeSeq) VALUES (237, 2, 2, 2, 6, 8, 193);
INSERT INTO tblReservation (seq, adult, teen, senior, total, userSeq, screenTimeSeq) VALUES (238, 3, 3, 0, 6, 9, 193);
INSERT INTO tblReservation (seq, adult, teen, senior, total, userSeq, screenTimeSeq) VALUES (239, 1, 1, 1, 3, 10, 193);
INSERT INTO tblReservation (seq, adult, teen, senior, total, userSeq, screenTimeSeq) VALUES (240, 2, 3, 3, 8, 11, 193);
INSERT INTO tblReservation (seq, adult, teen, senior, total, userSeq, screenTimeSeq) VALUES (241, 2, 2, 0, 4, 12, 193);
INSERT INTO tblReservation (seq, adult, teen, senior, total, userSeq, screenTimeSeq) VALUES (242, 2, 0, 0, 2, 13, 193);
INSERT INTO tblReservation (seq, adult, teen, senior, total, userSeq, screenTimeSeq) VALUES (243, 2, 4, 0, 6, 14, 193);
INSERT INTO tblReservation (seq, adult, teen, senior, total, userSeq, screenTimeSeq) VALUES (244, 3, 3, 3, 9, 15, 193);

INSERT INTO tblReservation (seq, adult, teen, senior, total, userSeq, screenTimeSeq) VALUES (245, 0, 1, 1, 2, 3, 193);
INSERT INTO tblReservation (seq, adult, teen, senior, total, userSeq, screenTimeSeq) VALUES (246, 1, 2, 1, 4, 3, 193);
INSERT INTO tblReservation (seq, adult, teen, senior, total, userSeq, screenTimeSeq) VALUES (247, 2, 0, 2, 4, 8, 193);
INSERT INTO tblReservation (seq, adult, teen, senior, total, userSeq, screenTimeSeq) VALUES (248, 2, 3, 0, 4, 11, 193);
INSERT INTO tblReservation (seq, adult, teen, senior, total, userSeq, screenTimeSeq) VALUES (249, 2, 1, 0, 3, 14, 193);

--4번영화
INSERT INTO tblReservation (seq, adult, teen, senior, total, userSeq, screenTimeSeq) VALUES (250, 1, 1, 0, 2, 3, 277);
INSERT INTO tblReservation (seq, adult, teen, senior, total, userSeq, screenTimeSeq) VALUES (251, 0, 1, 0, 1, 4, 277);
INSERT INTO tblReservation (seq, adult, teen, senior, total, userSeq, screenTimeSeq) VALUES (252, 0, 0, 4, 4, 5, 277);
INSERT INTO tblReservation (seq, adult, teen, senior, total, userSeq, screenTimeSeq) VALUES (253, 1, 1, 2, 4, 6, 277);
INSERT INTO tblReservation (seq, adult, teen, senior, total, userSeq, screenTimeSeq) VALUES (254, 0, 2, 0, 2, 7, 277);
INSERT INTO tblReservation (seq, adult, teen, senior, total, userSeq, screenTimeSeq) VALUES (255, 2, 2, 2, 6, 8, 277);
INSERT INTO tblReservation (seq, adult, teen, senior, total, userSeq, screenTimeSeq) VALUES (256, 3, 3, 0, 6, 9, 277);
INSERT INTO tblReservation (seq, adult, teen, senior, total, userSeq, screenTimeSeq) VALUES (257, 1, 1, 1, 3, 10, 277);
INSERT INTO tblReservation (seq, adult, teen, senior, total, userSeq, screenTimeSeq) VALUES (258, 2, 3, 3, 8, 11, 277);
INSERT INTO tblReservation (seq, adult, teen, senior, total, userSeq, screenTimeSeq) VALUES (259, 2, 2, 0, 4, 12, 277);
INSERT INTO tblReservation (seq, adult, teen, senior, total, userSeq, screenTimeSeq) VALUES (260, 2, 0, 0, 2, 13, 277);
INSERT INTO tblReservation (seq, adult, teen, senior, total, userSeq, screenTimeSeq) VALUES (261, 2, 4, 0, 6, 14, 277);
INSERT INTO tblReservation (seq, adult, teen, senior, total, userSeq, screenTimeSeq) VALUES (262, 3, 3, 3, 9, 15, 277);

INSERT INTO tblReservation (seq, adult, teen, senior, total, userSeq, screenTimeSeq) VALUES (263, 0, 1, 1, 2, 3, 277);
INSERT INTO tblReservation (seq, adult, teen, senior, total, userSeq, screenTimeSeq) VALUES (264, 0, 1, 1, 2, 3, 277);
INSERT INTO tblReservation (seq, adult, teen, senior, total, userSeq, screenTimeSeq) VALUES (265, 0, 1, 1, 2, 3, 277);
INSERT INTO tblReservation (seq, adult, teen, senior, total, userSeq, screenTimeSeq) VALUES (266, 0, 1, 1, 2, 3, 277);
INSERT INTO tblReservation (seq, adult, teen, senior, total, userSeq, screenTimeSeq) VALUES (267, 1, 2, 1, 4, 3, 277);
INSERT INTO tblReservation (seq, adult, teen, senior, total, userSeq, screenTimeSeq) VALUES (268, 1, 2, 1, 4, 3, 277);
INSERT INTO tblReservation (seq, adult, teen, senior, total, userSeq, screenTimeSeq) VALUES (269, 1, 2, 1, 4, 3, 277);
INSERT INTO tblReservation (seq, adult, teen, senior, total, userSeq, screenTimeSeq) VALUES (270, 2, 0, 2, 4, 8, 277);
INSERT INTO tblReservation (seq, adult, teen, senior, total, userSeq, screenTimeSeq) VALUES (271, 2, 0, 2, 4, 8, 277);
INSERT INTO tblReservation (seq, adult, teen, senior, total, userSeq, screenTimeSeq) VALUES (272, 2, 3, 0, 4, 11, 277);
INSERT INTO tblReservation (seq, adult, teen, senior, total, userSeq, screenTimeSeq) VALUES (273, 2, 3, 0, 4, 11, 277);
INSERT INTO tblReservation (seq, adult, teen, senior, total, userSeq, screenTimeSeq) VALUES (274, 2, 3, 0, 4, 11, 277);
INSERT INTO tblReservation (seq, adult, teen, senior, total, userSeq, screenTimeSeq) VALUES (275, 2, 1, 0, 3, 14, 277);
INSERT INTO tblReservation (seq, adult, teen, senior, total, userSeq, screenTimeSeq) VALUES (276, 2, 1, 0, 3, 14, 277);





--예매 금액                                                                            
--1번 영화    
INSERT INTO tblReservePay (seq, totalPrice, reservationSeq) VALUES (183, 20000, 183);  
INSERT INTO tblReservePay (seq, totalPrice, reservationSeq) VALUES (184, 36000, 184);  
INSERT INTO tblReservePay (seq, totalPrice, reservationSeq) VALUES (185, 18000, 185);  
INSERT INTO tblReservePay (seq, totalPrice, reservationSeq) VALUES (186, 8000, 186);   
INSERT INTO tblReservePay (seq, totalPrice, reservationSeq) VALUES (187, 24000, 187);  
INSERT INTO tblReservePay (seq, totalPrice, reservationSeq) VALUES (188, 30000, 188);  
INSERT INTO tblReservePay (seq, totalPrice, reservationSeq) VALUES (189, 16000, 189);  
INSERT INTO tblReservePay (seq, totalPrice, reservationSeq) VALUES (190, 48000, 190);  
INSERT INTO tblReservePay (seq, totalPrice, reservationSeq) VALUES (191, 54000, 191);  
INSERT INTO tblReservePay (seq, totalPrice, reservationSeq) VALUES (192, 24000, 192);
INSERT INTO tblReservePay (seq, totalPrice, reservationSeq) VALUES (193, 62000, 193);
INSERT INTO tblReservePay (seq, totalPrice, reservationSeq) VALUES (194, 36000, 194);
INSERT INTO tblReservePay (seq, totalPrice, reservationSeq) VALUES (195, 20000, 195);

INSERT INTO tblReservePay (seq, totalPrice, reservationSeq) VALUES (196, 14000, 196);
INSERT INTO tblReservePay (seq, totalPrice, reservationSeq) VALUES (197, 32000, 197);
INSERT INTO tblReservePay (seq, totalPrice, reservationSeq) VALUES (198, 20000, 198);
INSERT INTO tblReservePay (seq, totalPrice, reservationSeq) VALUES (199, 32000, 199);
INSERT INTO tblReservePay (seq, totalPrice, reservationSeq) VALUES (200, 30000, 200);
INSERT INTO tblReservePay (seq, totalPrice, reservationSeq) VALUES (201, 50000, 201);
INSERT INTO tblReservePay (seq, totalPrice, reservationSeq) VALUES (202, 32000, 202);
INSERT INTO tblReservePay (seq, totalPrice, reservationSeq) VALUES (203, 34000, 203);
INSERT INTO tblReservePay (seq, totalPrice, reservationSeq) VALUES (204, 28000, 204);
INSERT INTO tblReservePay (seq, totalPrice, reservationSeq) VALUES (205, 26000, 205);

--2번 영화    
INSERT INTO tblReservePay (seq, totalPrice, reservationSeq) VALUES (206, 20000, 206);  
INSERT INTO tblReservePay (seq, totalPrice, reservationSeq) VALUES (207, 36000, 207);  
INSERT INTO tblReservePay (seq, totalPrice, reservationSeq) VALUES (208, 18000, 208);  
INSERT INTO tblReservePay (seq, totalPrice, reservationSeq) VALUES (209, 8000, 209);   
INSERT INTO tblReservePay (seq, totalPrice, reservationSeq) VALUES (210, 24000, 210);  
INSERT INTO tblReservePay (seq, totalPrice, reservationSeq) VALUES (211, 30000, 211);  
INSERT INTO tblReservePay (seq, totalPrice, reservationSeq) VALUES (212, 16000, 212);  
INSERT INTO tblReservePay (seq, totalPrice, reservationSeq) VALUES (213, 48000, 213);  
INSERT INTO tblReservePay (seq, totalPrice, reservationSeq) VALUES (214, 54000, 214);  
INSERT INTO tblReservePay (seq, totalPrice, reservationSeq) VALUES (215, 24000, 215);
INSERT INTO tblReservePay (seq, totalPrice, reservationSeq) VALUES (216, 62000, 216);
INSERT INTO tblReservePay (seq, totalPrice, reservationSeq) VALUES (217, 36000, 217);
INSERT INTO tblReservePay (seq, totalPrice, reservationSeq) VALUES (218, 20000, 218);

INSERT INTO tblReservePay (seq, totalPrice, reservationSeq) VALUES (219, 14000, 219);
INSERT INTO tblReservePay (seq, totalPrice, reservationSeq) VALUES (220, 32000, 220);
INSERT INTO tblReservePay (seq, totalPrice, reservationSeq) VALUES (221, 20000, 221);
INSERT INTO tblReservePay (seq, totalPrice, reservationSeq) VALUES (222, 32000, 222);
INSERT INTO tblReservePay (seq, totalPrice, reservationSeq) VALUES (223, 30000, 223);
INSERT INTO tblReservePay (seq, totalPrice, reservationSeq) VALUES (224, 50000, 224);
INSERT INTO tblReservePay (seq, totalPrice, reservationSeq) VALUES (225, 32000, 225);
INSERT INTO tblReservePay (seq, totalPrice, reservationSeq) VALUES (226, 34000, 226);
INSERT INTO tblReservePay (seq, totalPrice, reservationSeq) VALUES (227, 48000, 227);
INSERT INTO tblReservePay (seq, totalPrice, reservationSeq) VALUES (228, 28000, 228);
INSERT INTO tblReservePay (seq, totalPrice, reservationSeq) VALUES (229, 28000, 229);
INSERT INTO tblReservePay (seq, totalPrice, reservationSeq) VALUES (230, 28000, 230);
INSERT INTO tblReservePay (seq, totalPrice, reservationSeq) VALUES (231, 28000, 231);

--3번 영화    
INSERT INTO tblReservePay (seq, totalPrice, reservationSeq) VALUES (232, 20000, 232);  
INSERT INTO tblReservePay (seq, totalPrice, reservationSeq) VALUES (233, 36000, 233);  
INSERT INTO tblReservePay (seq, totalPrice, reservationSeq) VALUES (234, 18000, 234);  
INSERT INTO tblReservePay (seq, totalPrice, reservationSeq) VALUES (235, 8000, 235);   
INSERT INTO tblReservePay (seq, totalPrice, reservationSeq) VALUES (236, 24000, 236);  
INSERT INTO tblReservePay (seq, totalPrice, reservationSeq) VALUES (237, 30000, 237);  
INSERT INTO tblReservePay (seq, totalPrice, reservationSeq) VALUES (238, 16000, 238);  
INSERT INTO tblReservePay (seq, totalPrice, reservationSeq) VALUES (239, 48000, 239);  
INSERT INTO tblReservePay (seq, totalPrice, reservationSeq) VALUES (240, 54000, 240);  
INSERT INTO tblReservePay (seq, totalPrice, reservationSeq) VALUES (241, 24000, 241);
INSERT INTO tblReservePay (seq, totalPrice, reservationSeq) VALUES (242, 62000, 242);
INSERT INTO tblReservePay (seq, totalPrice, reservationSeq) VALUES (243, 36000, 243);
INSERT INTO tblReservePay (seq, totalPrice, reservationSeq) VALUES (244, 20000, 244);

INSERT INTO tblReservePay (seq, totalPrice, reservationSeq) VALUES (245, 14000, 245);
INSERT INTO tblReservePay (seq, totalPrice, reservationSeq) VALUES (246, 32000, 246);
INSERT INTO tblReservePay (seq, totalPrice, reservationSeq) VALUES (247, 32000, 247);
INSERT INTO tblReservePay (seq, totalPrice, reservationSeq) VALUES (248, 44000, 248);
INSERT INTO tblReservePay (seq, totalPrice, reservationSeq) VALUES (249, 28000, 249);






--4번 영화    
INSERT INTO tblReservePay (seq, totalPrice, reservationSeq) VALUES (250, 20000, 250);  
INSERT INTO tblReservePay (seq, totalPrice, reservationSeq) VALUES (251, 36000, 251);  
INSERT INTO tblReservePay (seq, totalPrice, reservationSeq) VALUES (252, 18000, 252);  
INSERT INTO tblReservePay (seq, totalPrice, reservationSeq) VALUES (253, 8000, 253);   
INSERT INTO tblReservePay (seq, totalPrice, reservationSeq) VALUES (254, 24000, 254);  
INSERT INTO tblReservePay (seq, totalPrice, reservationSeq) VALUES (255, 30000, 255);  
INSERT INTO tblReservePay (seq, totalPrice, reservationSeq) VALUES (256, 16000, 256);  
INSERT INTO tblReservePay (seq, totalPrice, reservationSeq) VALUES (257, 48000, 257);  
INSERT INTO tblReservePay (seq, totalPrice, reservationSeq) VALUES (258, 54000, 258);  
INSERT INTO tblReservePay (seq, totalPrice, reservationSeq) VALUES (259, 24000, 259);
INSERT INTO tblReservePay (seq, totalPrice, reservationSeq) VALUES (260, 62000, 260);
INSERT INTO tblReservePay (seq, totalPrice, reservationSeq) VALUES (261, 36000, 261);
INSERT INTO tblReservePay (seq, totalPrice, reservationSeq) VALUES (262, 20000, 262);

INSERT INTO tblReservePay (seq, totalPrice, reservationSeq) VALUES (263, 14000, 263);
INSERT INTO tblReservePay (seq, totalPrice, reservationSeq) VALUES (264, 14000, 264);
INSERT INTO tblReservePay (seq, totalPrice, reservationSeq) VALUES (265, 14000, 265);
INSERT INTO tblReservePay (seq, totalPrice, reservationSeq) VALUES (266, 14000, 266);
INSERT INTO tblReservePay (seq, totalPrice, reservationSeq) VALUES (267, 32000, 267);
INSERT INTO tblReservePay (seq, totalPrice, reservationSeq) VALUES (268, 32000, 268);
INSERT INTO tblReservePay (seq, totalPrice, reservationSeq) VALUES (269, 32000, 269);
INSERT INTO tblReservePay (seq, totalPrice, reservationSeq) VALUES (270, 32000, 270);
INSERT INTO tblReservePay (seq, totalPrice, reservationSeq) VALUES (271, 32000, 271);
INSERT INTO tblReservePay (seq, totalPrice, reservationSeq) VALUES (272, 44000, 272);
INSERT INTO tblReservePay (seq, totalPrice, reservationSeq) VALUES (273, 44000, 273);
INSERT INTO tblReservePay (seq, totalPrice, reservationSeq) VALUES (274, 44000, 274);
INSERT INTO tblReservePay (seq, totalPrice, reservationSeq) VALUES (275, 28000, 275);
INSERT INTO tblReservePay (seq, totalPrice, reservationSeq) VALUES (276, 28000, 276);


-------------------------------------------
----------------------------------
--3/28
--예매
--1번영화
INSERT INTO tblReservation (seq, adult, teen, senior, total, userSeq, screenTimeSeq) VALUES (277, 1, 1, 0, 2, 3, 31);
INSERT INTO tblReservation (seq, adult, teen, senior, total, userSeq, screenTimeSeq) VALUES (278, 0, 1, 0, 1, 4, 31);
INSERT INTO tblReservation (seq, adult, teen, senior, total, userSeq, screenTimeSeq) VALUES (279, 0, 0, 4, 4, 5, 31);
INSERT INTO tblReservation (seq, adult, teen, senior, total, userSeq, screenTimeSeq) VALUES (280, 1, 1, 2, 4, 6, 31);
INSERT INTO tblReservation (seq, adult, teen, senior, total, userSeq, screenTimeSeq) VALUES (281, 0, 2, 0, 2, 7, 31);
INSERT INTO tblReservation (seq, adult, teen, senior, total, userSeq, screenTimeSeq) VALUES (282, 2, 2, 2, 6, 8, 31);
INSERT INTO tblReservation (seq, adult, teen, senior, total, userSeq, screenTimeSeq) VALUES (283, 3, 3, 0, 6, 9, 31);
INSERT INTO tblReservation (seq, adult, teen, senior, total, userSeq, screenTimeSeq) VALUES (284, 1, 1, 1, 3, 10, 31);
INSERT INTO tblReservation (seq, adult, teen, senior, total, userSeq, screenTimeSeq) VALUES (285, 2, 3, 3, 8, 11, 31);
INSERT INTO tblReservation (seq, adult, teen, senior, total, userSeq, screenTimeSeq) VALUES (286, 2, 2, 0, 4, 12, 31);
INSERT INTO tblReservation (seq, adult, teen, senior, total, userSeq, screenTimeSeq) VALUES (287, 2, 0, 0, 2, 13, 31);
INSERT INTO tblReservation (seq, adult, teen, senior, total, userSeq, screenTimeSeq) VALUES (288, 2, 4, 0, 6, 14, 31);
INSERT INTO tblReservation (seq, adult, teen, senior, total, userSeq, screenTimeSeq) VALUES (289, 3, 3, 3, 9, 15, 31);

INSERT INTO tblReservation (seq, adult, teen, senior, total, userSeq, screenTimeSeq) VALUES (290, 0, 0, 3, 3, 3, 31);
INSERT INTO tblReservation (seq, adult, teen, senior, total, userSeq, screenTimeSeq) VALUES (291, 1, 2, 0, 3, 3, 31);
INSERT INTO tblReservation (seq, adult, teen, senior, total, userSeq, screenTimeSeq) VALUES (292, 2, 4, 0, 5, 8, 31);
INSERT INTO tblReservation (seq, adult, teen, senior, total, userSeq, screenTimeSeq) VALUES (293, 0, 3, 0, 3, 10, 31);
INSERT INTO tblReservation (seq, adult, teen, senior, total, userSeq, screenTimeSeq) VALUES (294, 0, 2, 2, 4, 10, 31);
INSERT INTO tblReservation (seq, adult, teen, senior, total, userSeq, screenTimeSeq) VALUES (295, 2, 2, 0, 4, 10, 31);
INSERT INTO tblReservation (seq, adult, teen, senior, total, userSeq, screenTimeSeq) VALUES (296, 0, 4, 0, 4, 12, 31);
INSERT INTO tblReservation (seq, adult, teen, senior, total, userSeq, screenTimeSeq) VALUES (297, 0, 1, 0, 1, 12, 31);
INSERT INTO tblReservation (seq, adult, teen, senior, total, userSeq, screenTimeSeq) VALUES (298, 1, 3, 0, 4, 12, 31);
INSERT INTO tblReservation (seq, adult, teen, senior, total, userSeq, screenTimeSeq) VALUES (299, 0, 4, 0, 4, 14, 31);
INSERT INTO tblReservation (seq, adult, teen, senior, total, userSeq, screenTimeSeq) VALUES (300, 1, 3, 0, 4, 14, 31);


--2번영화
INSERT INTO tblReservation (seq, adult, teen, senior, total, userSeq, screenTimeSeq) VALUES (301, 1, 1, 0, 2, 3, 115);
INSERT INTO tblReservation (seq, adult, teen, senior, total, userSeq, screenTimeSeq) VALUES (302, 0, 1, 0, 1, 4, 115);
INSERT INTO tblReservation (seq, adult, teen, senior, total, userSeq, screenTimeSeq) VALUES (303, 0, 0, 4, 4, 5, 115);
INSERT INTO tblReservation (seq, adult, teen, senior, total, userSeq, screenTimeSeq) VALUES (304, 1, 1, 2, 4, 6, 115);
INSERT INTO tblReservation (seq, adult, teen, senior, total, userSeq, screenTimeSeq) VALUES (305, 0, 2, 0, 2, 7, 115);
INSERT INTO tblReservation (seq, adult, teen, senior, total, userSeq, screenTimeSeq) VALUES (306, 2, 2, 2, 6, 8, 115);
INSERT INTO tblReservation (seq, adult, teen, senior, total, userSeq, screenTimeSeq) VALUES (307, 3, 3, 0, 6, 9, 115);
INSERT INTO tblReservation (seq, adult, teen, senior, total, userSeq, screenTimeSeq) VALUES (308, 1, 1, 1, 3, 10, 115);
INSERT INTO tblReservation (seq, adult, teen, senior, total, userSeq, screenTimeSeq) VALUES (309, 2, 3, 3, 8, 11, 115);
INSERT INTO tblReservation (seq, adult, teen, senior, total, userSeq, screenTimeSeq) VALUES (310, 2, 2, 0, 4, 12, 115);
INSERT INTO tblReservation (seq, adult, teen, senior, total, userSeq, screenTimeSeq) VALUES (311, 2, 0, 0, 2, 13, 115);
INSERT INTO tblReservation (seq, adult, teen, senior, total, userSeq, screenTimeSeq) VALUES (312, 2, 4, 0, 6, 14, 115);
INSERT INTO tblReservation (seq, adult, teen, senior, total, userSeq, screenTimeSeq) VALUES (313, 3, 3, 3, 9, 15, 115);

INSERT INTO tblReservation (seq, adult, teen, senior, total, userSeq, screenTimeSeq) VALUES (314, 0, 1, 1, 2, 3, 115);
INSERT INTO tblReservation (seq, adult, teen, senior, total, userSeq, screenTimeSeq) VALUES (315, 1, 0, 0, 1, 3, 115);
INSERT INTO tblReservation (seq, adult, teen, senior, total, userSeq, screenTimeSeq) VALUES (316, 2, 1, 1, 4, 3, 115);
INSERT INTO tblReservation (seq, adult, teen, senior, total, userSeq, screenTimeSeq) VALUES (317, 4, 0, 0, 4, 5, 115);
INSERT INTO tblReservation (seq, adult, teen, senior, total, userSeq, screenTimeSeq) VALUES (318, 3, 2, 1, 6, 5, 115);
INSERT INTO tblReservation (seq, adult, teen, senior, total, userSeq, screenTimeSeq) VALUES (319, 2, 2, 1, 5, 5, 115);
INSERT INTO tblReservation (seq, adult, teen, senior, total, userSeq, screenTimeSeq) VALUES (320, 1, 0, 1, 2, 7, 115);
INSERT INTO tblReservation (seq, adult, teen, senior, total, userSeq, screenTimeSeq) VALUES (321, 4, 0, 0, 4, 8, 115);
INSERT INTO tblReservation (seq, adult, teen, senior, total, userSeq, screenTimeSeq) VALUES (322, 1, 2, 0, 3, 8, 115);
INSERT INTO tblReservation (seq, adult, teen, senior, total, userSeq, screenTimeSeq) VALUES (323, 3, 3, 0, 6, 11, 115);
INSERT INTO tblReservation (seq, adult, teen, senior, total, userSeq, screenTimeSeq) VALUES (324, 4, 1, 2, 7, 14, 115);
INSERT INTO tblReservation (seq, adult, teen, senior, total, userSeq, screenTimeSeq) VALUES (325, 2, 1, 0, 3, 14, 115);

--3번영화
INSERT INTO tblReservation (seq, adult, teen, senior, total, userSeq, screenTimeSeq) VALUES (326, 1, 1, 0, 2, 3, 199);
INSERT INTO tblReservation (seq, adult, teen, senior, total, userSeq, screenTimeSeq) VALUES (327, 0, 1, 0, 1, 4, 199);
INSERT INTO tblReservation (seq, adult, teen, senior, total, userSeq, screenTimeSeq) VALUES (328, 0, 0, 4, 4, 5, 199);
INSERT INTO tblReservation (seq, adult, teen, senior, total, userSeq, screenTimeSeq) VALUES (329, 1, 1, 2, 4, 6, 199);
INSERT INTO tblReservation (seq, adult, teen, senior, total, userSeq, screenTimeSeq) VALUES (330, 0, 2, 0, 2, 7, 199);
INSERT INTO tblReservation (seq, adult, teen, senior, total, userSeq, screenTimeSeq) VALUES (331, 2, 2, 2, 6, 8, 199);
INSERT INTO tblReservation (seq, adult, teen, senior, total, userSeq, screenTimeSeq) VALUES (332, 3, 3, 0, 6, 9, 199);
INSERT INTO tblReservation (seq, adult, teen, senior, total, userSeq, screenTimeSeq) VALUES (333, 1, 1, 1, 3, 10, 199);
INSERT INTO tblReservation (seq, adult, teen, senior, total, userSeq, screenTimeSeq) VALUES (334, 2, 3, 3, 8, 11, 199);
INSERT INTO tblReservation (seq, adult, teen, senior, total, userSeq, screenTimeSeq) VALUES (335, 2, 2, 0, 4, 12, 199);
INSERT INTO tblReservation (seq, adult, teen, senior, total, userSeq, screenTimeSeq) VALUES (336, 2, 0, 0, 2, 13, 199);
INSERT INTO tblReservation (seq, adult, teen, senior, total, userSeq, screenTimeSeq) VALUES (337, 2, 4, 0, 6, 14, 199);
INSERT INTO tblReservation (seq, adult, teen, senior, total, userSeq, screenTimeSeq) VALUES (338, 3, 3, 3, 9, 15, 199);

INSERT INTO tblReservation (seq, adult, teen, senior, total, userSeq, screenTimeSeq) VALUES (339, 0, 1, 1, 2, 3, 199);
INSERT INTO tblReservation (seq, adult, teen, senior, total, userSeq, screenTimeSeq) VALUES (340, 1, 2, 1, 4, 3, 199);
INSERT INTO tblReservation (seq, adult, teen, senior, total, userSeq, screenTimeSeq) VALUES (341, 2, 0, 2, 4, 5, 199);
INSERT INTO tblReservation (seq, adult, teen, senior, total, userSeq, screenTimeSeq) VALUES (342, 1, 2, 2, 5, 5, 199);
INSERT INTO tblReservation (seq, adult, teen, senior, total, userSeq, screenTimeSeq) VALUES (343, 0, 3, 2, 5, 5, 199);
INSERT INTO tblReservation (seq, adult, teen, senior, total, userSeq, screenTimeSeq) VALUES (344, 0, 4, 2, 6, 5, 199);
INSERT INTO tblReservation (seq, adult, teen, senior, total, userSeq, screenTimeSeq) VALUES (345, 2, 3, 1, 6, 8, 199);
INSERT INTO tblReservation (seq, adult, teen, senior, total, userSeq, screenTimeSeq) VALUES (346, 1, 1, 1, 3, 8, 199);
INSERT INTO tblReservation (seq, adult, teen, senior, total, userSeq, screenTimeSeq) VALUES (347, 0, 3, 0, 3, 8, 199);
INSERT INTO tblReservation (seq, adult, teen, senior, total, userSeq, screenTimeSeq) VALUES (348, 0, 1, 2, 3, 8, 199);
INSERT INTO tblReservation (seq, adult, teen, senior, total, userSeq, screenTimeSeq) VALUES (349, 2, 2, 0, 4, 11, 199);
INSERT INTO tblReservation (seq, adult, teen, senior, total, userSeq, screenTimeSeq) VALUES (350, 0, 4, 0, 4, 11, 199);
INSERT INTO tblReservation (seq, adult, teen, senior, total, userSeq, screenTimeSeq) VALUES (351, 0, 2, 0, 2, 11, 199);
INSERT INTO tblReservation (seq, adult, teen, senior, total, userSeq, screenTimeSeq) VALUES (352, 0, 1, 1, 2, 11, 199);
INSERT INTO tblReservation (seq, adult, teen, senior, total, userSeq, screenTimeSeq) VALUES (353, 0, 2, 1, 3, 13, 199);
INSERT INTO tblReservation (seq, adult, teen, senior, total, userSeq, screenTimeSeq) VALUES (354, 1, 2, 2, 5, 13, 199);
INSERT INTO tblReservation (seq, adult, teen, senior, total, userSeq, screenTimeSeq) VALUES (355, 2, 1, 2, 5, 13, 199);
INSERT INTO tblReservation (seq, adult, teen, senior, total, userSeq, screenTimeSeq) VALUES (356, 2, 4, 0, 6, 14, 199);
INSERT INTO tblReservation (seq, adult, teen, senior, total, userSeq, screenTimeSeq) VALUES (357, 0, 4, 2, 6, 14, 199);

--4번영화
INSERT INTO tblReservation (seq, adult, teen, senior, total, userSeq, screenTimeSeq) VALUES (358, 1, 1, 0, 2, 3, 283);
INSERT INTO tblReservation (seq, adult, teen, senior, total, userSeq, screenTimeSeq) VALUES (359, 0, 1, 0, 1, 4, 283);
INSERT INTO tblReservation (seq, adult, teen, senior, total, userSeq, screenTimeSeq) VALUES (360, 0, 0, 4, 4, 5, 283);
INSERT INTO tblReservation (seq, adult, teen, senior, total, userSeq, screenTimeSeq) VALUES (361, 1, 1, 2, 4, 6, 283);
INSERT INTO tblReservation (seq, adult, teen, senior, total, userSeq, screenTimeSeq) VALUES (362, 0, 2, 0, 2, 7, 283);
INSERT INTO tblReservation (seq, adult, teen, senior, total, userSeq, screenTimeSeq) VALUES (363, 2, 2, 2, 6, 8, 283);
INSERT INTO tblReservation (seq, adult, teen, senior, total, userSeq, screenTimeSeq) VALUES (364, 3, 3, 0, 6, 9, 283);
INSERT INTO tblReservation (seq, adult, teen, senior, total, userSeq, screenTimeSeq) VALUES (365, 1, 1, 1, 3, 10, 283);
INSERT INTO tblReservation (seq, adult, teen, senior, total, userSeq, screenTimeSeq) VALUES (366, 2, 3, 3, 8, 11, 283);
INSERT INTO tblReservation (seq, adult, teen, senior, total, userSeq, screenTimeSeq) VALUES (367, 2, 2, 0, 4, 12, 283);
INSERT INTO tblReservation (seq, adult, teen, senior, total, userSeq, screenTimeSeq) VALUES (368, 2, 0, 0, 2, 13, 283);
INSERT INTO tblReservation (seq, adult, teen, senior, total, userSeq, screenTimeSeq) VALUES (369, 2, 4, 0, 6, 14, 283);
INSERT INTO tblReservation (seq, adult, teen, senior, total, userSeq, screenTimeSeq) VALUES (370, 3, 3, 3, 9, 15, 283);

INSERT INTO tblReservation (seq, adult, teen, senior, total, userSeq, screenTimeSeq) VALUES (371, 0, 1, 1, 2, 3, 283);
INSERT INTO tblReservation (seq, adult, teen, senior, total, userSeq, screenTimeSeq) VALUES (372, 2, 2, 0, 4, 3, 283);
INSERT INTO tblReservation (seq, adult, teen, senior, total, userSeq, screenTimeSeq) VALUES (373, 1, 1, 1, 3, 3, 283);
INSERT INTO tblReservation (seq, adult, teen, senior, total, userSeq, screenTimeSeq) VALUES (374, 3, 1, 1, 5, 3, 283);
INSERT INTO tblReservation (seq, adult, teen, senior, total, userSeq, screenTimeSeq) VALUES (375, 1, 2, 1, 4, 3, 283);
INSERT INTO tblReservation (seq, adult, teen, senior, total, userSeq, screenTimeSeq) VALUES (376, 3, 1, 0, 4, 3, 283);
INSERT INTO tblReservation (seq, adult, teen, senior, total, userSeq, screenTimeSeq) VALUES (377, 0, 2, 0, 2, 3, 283);
INSERT INTO tblReservation (seq, adult, teen, senior, total, userSeq, screenTimeSeq) VALUES (378, 1, 4, 0, 5, 3, 283);
INSERT INTO tblReservation (seq, adult, teen, senior, total, userSeq, screenTimeSeq) VALUES (379, 2, 2, 2, 6, 3, 283);
INSERT INTO tblReservation (seq, adult, teen, senior, total, userSeq, screenTimeSeq) VALUES (380, 0, 3, 2, 5, 6, 283);
INSERT INTO tblReservation (seq, adult, teen, senior, total, userSeq, screenTimeSeq) VALUES (381, 3, 1, 0, 4, 6, 283);
INSERT INTO tblReservation (seq, adult, teen, senior, total, userSeq, screenTimeSeq) VALUES (382, 1, 2, 0, 3, 6, 283);
INSERT INTO tblReservation (seq, adult, teen, senior, total, userSeq, screenTimeSeq) VALUES (383, 4, 0, 0, 4, 3, 283);
INSERT INTO tblReservation (seq, adult, teen, senior, total, userSeq, screenTimeSeq) VALUES (384, 1, 4, 0, 5, 3, 283);
INSERT INTO tblReservation (seq, adult, teen, senior, total, userSeq, screenTimeSeq) VALUES (385, 2, 2, 0, 4, 3, 283);
INSERT INTO tblReservation (seq, adult, teen, senior, total, userSeq, screenTimeSeq) VALUES (386, 0, 1, 1, 2, 4, 283);
INSERT INTO tblReservation (seq, adult, teen, senior, total, userSeq, screenTimeSeq) VALUES (387, 0, 2, 0, 2, 4, 283);
INSERT INTO tblReservation (seq, adult, teen, senior, total, userSeq, screenTimeSeq) VALUES (388, 0, 2, 2, 4, 4, 283);
INSERT INTO tblReservation (seq, adult, teen, senior, total, userSeq, screenTimeSeq) VALUES (389, 1, 2, 0, 3, 7, 283);
INSERT INTO tblReservation (seq, adult, teen, senior, total, userSeq, screenTimeSeq) VALUES (390, 2, 1, 0, 3, 7, 283);
INSERT INTO tblReservation (seq, adult, teen, senior, total, userSeq, screenTimeSeq) VALUES (391, 3, 0, 0, 3, 7, 283);
INSERT INTO tblReservation (seq, adult, teen, senior, total, userSeq, screenTimeSeq) VALUES (392, 2, 2, 0, 4, 11, 283);
INSERT INTO tblReservation (seq, adult, teen, senior, total, userSeq, screenTimeSeq) VALUES (393, 1, 3, 0, 4, 14, 283);
INSERT INTO tblReservation (seq, adult, teen, senior, total, userSeq, screenTimeSeq) VALUES (394, 1, 1, 0, 2, 14, 283);





--예매 금액                                                                            
--1번 영화    
INSERT INTO tblReservePay (seq, totalPrice, reservationSeq) VALUES (277, 20000, 277);  
INSERT INTO tblReservePay (seq, totalPrice, reservationSeq) VALUES (278, 36000, 278);  
INSERT INTO tblReservePay (seq, totalPrice, reservationSeq) VALUES (279, 18000, 279);  
INSERT INTO tblReservePay (seq, totalPrice, reservationSeq) VALUES (280, 8000, 280);   
INSERT INTO tblReservePay (seq, totalPrice, reservationSeq) VALUES (281, 24000, 281);  
INSERT INTO tblReservePay (seq, totalPrice, reservationSeq) VALUES (282, 30000, 282);  
INSERT INTO tblReservePay (seq, totalPrice, reservationSeq) VALUES (283, 16000, 283);  
INSERT INTO tblReservePay (seq, totalPrice, reservationSeq) VALUES (284, 48000, 284);  
INSERT INTO tblReservePay (seq, totalPrice, reservationSeq) VALUES (285, 54000, 285);  
INSERT INTO tblReservePay (seq, totalPrice, reservationSeq) VALUES (286, 24000, 286);
INSERT INTO tblReservePay (seq, totalPrice, reservationSeq) VALUES (287, 62000, 287);
INSERT INTO tblReservePay (seq, totalPrice, reservationSeq) VALUES (288, 36000, 288);
INSERT INTO tblReservePay (seq, totalPrice, reservationSeq) VALUES (289, 20000, 289);

INSERT INTO tblReservePay (seq, totalPrice, reservationSeq) VALUES (290, 18000, 290);
INSERT INTO tblReservePay (seq, totalPrice, reservationSeq) VALUES (291, 26000, 291);
INSERT INTO tblReservePay (seq, totalPrice, reservationSeq) VALUES (292, 52000, 292);
INSERT INTO tblReservePay (seq, totalPrice, reservationSeq) VALUES (293, 24000, 293);
INSERT INTO tblReservePay (seq, totalPrice, reservationSeq) VALUES (294, 28000, 294);
INSERT INTO tblReservePay (seq, totalPrice, reservationSeq) VALUES (295, 36000, 295);
INSERT INTO tblReservePay (seq, totalPrice, reservationSeq) VALUES (296, 32000, 296);
INSERT INTO tblReservePay (seq, totalPrice, reservationSeq) VALUES (297, 8000, 297);
INSERT INTO tblReservePay (seq, totalPrice, reservationSeq) VALUES (298, 34000, 298);
INSERT INTO tblReservePay (seq, totalPrice, reservationSeq) VALUES (299, 32000, 299);
INSERT INTO tblReservePay (seq, totalPrice, reservationSeq) VALUES (300, 34000, 300);

--2번 영화    
INSERT INTO tblReservePay (seq, totalPrice, reservationSeq) VALUES (301, 20000, 301);  
INSERT INTO tblReservePay (seq, totalPrice, reservationSeq) VALUES (302, 36000, 302);  
INSERT INTO tblReservePay (seq, totalPrice, reservationSeq) VALUES (303, 18000, 303);  
INSERT INTO tblReservePay (seq, totalPrice, reservationSeq) VALUES (304, 8000, 304);   
INSERT INTO tblReservePay (seq, totalPrice, reservationSeq) VALUES (305, 24000, 305);  
INSERT INTO tblReservePay (seq, totalPrice, reservationSeq) VALUES (306, 30000, 306);  
INSERT INTO tblReservePay (seq, totalPrice, reservationSeq) VALUES (307, 16000, 307);  
INSERT INTO tblReservePay (seq, totalPrice, reservationSeq) VALUES (308, 48000, 308);  
INSERT INTO tblReservePay (seq, totalPrice, reservationSeq) VALUES (309, 54000, 309);  
INSERT INTO tblReservePay (seq, totalPrice, reservationSeq) VALUES (310, 24000, 310);
INSERT INTO tblReservePay (seq, totalPrice, reservationSeq) VALUES (311, 62000, 311);
INSERT INTO tblReservePay (seq, totalPrice, reservationSeq) VALUES (312, 36000, 312);
INSERT INTO tblReservePay (seq, totalPrice, reservationSeq) VALUES (313, 20000, 313);

INSERT INTO tblReservePay (seq, totalPrice, reservationSeq) VALUES (314, 14000, 314);
INSERT INTO tblReservePay (seq, totalPrice, reservationSeq) VALUES (315, 10000, 315);
INSERT INTO tblReservePay (seq, totalPrice, reservationSeq) VALUES (316, 34000, 316);
INSERT INTO tblReservePay (seq, totalPrice, reservationSeq) VALUES (317, 40000, 317);
INSERT INTO tblReservePay (seq, totalPrice, reservationSeq) VALUES (318, 62000, 318);
INSERT INTO tblReservePay (seq, totalPrice, reservationSeq) VALUES (319, 42000, 319);
INSERT INTO tblReservePay (seq, totalPrice, reservationSeq) VALUES (320, 16000, 320);
INSERT INTO tblReservePay (seq, totalPrice, reservationSeq) VALUES (321, 40000, 321);
INSERT INTO tblReservePay (seq, totalPrice, reservationSeq) VALUES (322, 26000, 322);
INSERT INTO tblReservePay (seq, totalPrice, reservationSeq) VALUES (323, 54000, 323);
INSERT INTO tblReservePay (seq, totalPrice, reservationSeq) VALUES (324, 60000, 324);
INSERT INTO tblReservePay (seq, totalPrice, reservationSeq) VALUES (325, 28000, 325);






--3번 영화    
INSERT INTO tblReservePay (seq, totalPrice, reservationSeq) VALUES (326, 20000, 336);  
INSERT INTO tblReservePay (seq, totalPrice, reservationSeq) VALUES (327, 36000, 337);  
INSERT INTO tblReservePay (seq, totalPrice, reservationSeq) VALUES (328, 18000, 338);  
INSERT INTO tblReservePay (seq, totalPrice, reservationSeq) VALUES (329, 8000, 339);   
INSERT INTO tblReservePay (seq, totalPrice, reservationSeq) VALUES (330, 24000, 340);  
INSERT INTO tblReservePay (seq, totalPrice, reservationSeq) VALUES (331, 30000, 341);  
INSERT INTO tblReservePay (seq, totalPrice, reservationSeq) VALUES (332, 16000, 342);  
INSERT INTO tblReservePay (seq, totalPrice, reservationSeq) VALUES (333, 48000, 343);  
INSERT INTO tblReservePay (seq, totalPrice, reservationSeq) VALUES (334, 54000, 344);  
INSERT INTO tblReservePay (seq, totalPrice, reservationSeq) VALUES (335, 24000, 345);
INSERT INTO tblReservePay (seq, totalPrice, reservationSeq) VALUES (336, 62000, 346);
INSERT INTO tblReservePay (seq, totalPrice, reservationSeq) VALUES (337, 36000, 347);
INSERT INTO tblReservePay (seq, totalPrice, reservationSeq) VALUES (338, 20000, 348);

INSERT INTO tblReservePay (seq, totalPrice, reservationSeq) VALUES (339, 14000, 339);
INSERT INTO tblReservePay (seq, totalPrice, reservationSeq) VALUES (340, 32000, 340);
INSERT INTO tblReservePay (seq, totalPrice, reservationSeq) VALUES (341, 32000, 341);
INSERT INTO tblReservePay (seq, totalPrice, reservationSeq) VALUES (342, 38000, 342);
INSERT INTO tblReservePay (seq, totalPrice, reservationSeq) VALUES (343, 36000, 343);
INSERT INTO tblReservePay (seq, totalPrice, reservationSeq) VALUES (344, 44000, 344);
INSERT INTO tblReservePay (seq, totalPrice, reservationSeq) VALUES (345, 50000, 345);
INSERT INTO tblReservePay (seq, totalPrice, reservationSeq) VALUES (346, 24000, 346);
INSERT INTO tblReservePay (seq, totalPrice, reservationSeq) VALUES (347, 24000, 347);
INSERT INTO tblReservePay (seq, totalPrice, reservationSeq) VALUES (348, 20000, 348);
INSERT INTO tblReservePay (seq, totalPrice, reservationSeq) VALUES (349, 36000, 349);
INSERT INTO tblReservePay (seq, totalPrice, reservationSeq) VALUES (350, 32000, 350);
INSERT INTO tblReservePay (seq, totalPrice, reservationSeq) VALUES (351, 16000, 351);
INSERT INTO tblReservePay (seq, totalPrice, reservationSeq) VALUES (352, 14000, 352);
INSERT INTO tblReservePay (seq, totalPrice, reservationSeq) VALUES (353, 22000, 353);
INSERT INTO tblReservePay (seq, totalPrice, reservationSeq) VALUES (354, 38000, 354);
INSERT INTO tblReservePay (seq, totalPrice, reservationSeq) VALUES (355, 40000, 355);
INSERT INTO tblReservePay (seq, totalPrice, reservationSeq) VALUES (356, 52000, 356);
INSERT INTO tblReservePay (seq, totalPrice, reservationSeq) VALUES (357, 44000, 357);






--4번 영화    
INSERT INTO tblReservePay (seq, totalPrice, reservationSeq) VALUES (358, 20000, 358);  
INSERT INTO tblReservePay (seq, totalPrice, reservationSeq) VALUES (359, 36000, 359);  
INSERT INTO tblReservePay (seq, totalPrice, reservationSeq) VALUES (360, 18000, 360);  
INSERT INTO tblReservePay (seq, totalPrice, reservationSeq) VALUES (361, 8000, 361);   
INSERT INTO tblReservePay (seq, totalPrice, reservationSeq) VALUES (362, 24000, 362);  
INSERT INTO tblReservePay (seq, totalPrice, reservationSeq) VALUES (363, 30000, 363);  
INSERT INTO tblReservePay (seq, totalPrice, reservationSeq) VALUES (364, 16000, 364);  
INSERT INTO tblReservePay (seq, totalPrice, reservationSeq) VALUES (365, 48000, 365);  
INSERT INTO tblReservePay (seq, totalPrice, reservationSeq) VALUES (366, 54000, 366);  
INSERT INTO tblReservePay (seq, totalPrice, reservationSeq) VALUES (367, 24000, 367);
INSERT INTO tblReservePay (seq, totalPrice, reservationSeq) VALUES (368, 62000, 368);
INSERT INTO tblReservePay (seq, totalPrice, reservationSeq) VALUES (369, 36000, 369);
INSERT INTO tblReservePay (seq, totalPrice, reservationSeq) VALUES (370, 20000, 370);

INSERT INTO tblReservePay (seq, totalPrice, reservationSeq) VALUES (371, 14000, 371);
INSERT INTO tblReservePay (seq, totalPrice, reservationSeq) VALUES (372, 36000, 372);
INSERT INTO tblReservePay (seq, totalPrice, reservationSeq) VALUES (373, 24000, 373);
INSERT INTO tblReservePay (seq, totalPrice, reservationSeq) VALUES (374, 44000, 374);
INSERT INTO tblReservePay (seq, totalPrice, reservationSeq) VALUES (375, 32000, 375);
INSERT INTO tblReservePay (seq, totalPrice, reservationSeq) VALUES (376, 38000, 376);
INSERT INTO tblReservePay (seq, totalPrice, reservationSeq) VALUES (377, 16000, 377);
INSERT INTO tblReservePay (seq, totalPrice, reservationSeq) VALUES (378, 42000, 378);
INSERT INTO tblReservePay (seq, totalPrice, reservationSeq) VALUES (379, 48000, 379);
INSERT INTO tblReservePay (seq, totalPrice, reservationSeq) VALUES (380, 36000, 380);
INSERT INTO tblReservePay (seq, totalPrice, reservationSeq) VALUES (381, 38000, 381);
INSERT INTO tblReservePay (seq, totalPrice, reservationSeq) VALUES (382, 26000, 382);
INSERT INTO tblReservePay (seq, totalPrice, reservationSeq) VALUES (383, 40000, 383);
INSERT INTO tblReservePay (seq, totalPrice, reservationSeq) VALUES (384, 42000, 384);
INSERT INTO tblReservePay (seq, totalPrice, reservationSeq) VALUES (385, 36000, 385);
INSERT INTO tblReservePay (seq, totalPrice, reservationSeq) VALUES (386, 14000, 386);
INSERT INTO tblReservePay (seq, totalPrice, reservationSeq) VALUES (387, 16000, 387);
INSERT INTO tblReservePay (seq, totalPrice, reservationSeq) VALUES (388, 28000, 388);
INSERT INTO tblReservePay (seq, totalPrice, reservationSeq) VALUES (389, 26000, 389);
INSERT INTO tblReservePay (seq, totalPrice, reservationSeq) VALUES (390, 28000, 390);
INSERT INTO tblReservePay (seq, totalPrice, reservationSeq) VALUES (391, 30000, 391);
INSERT INTO tblReservePay (seq, totalPrice, reservationSeq) VALUES (392, 36000, 392);
INSERT INTO tblReservePay (seq, totalPrice, reservationSeq) VALUES (393, 34000, 393);
INSERT INTO tblReservePay (seq, totalPrice, reservationSeq) VALUES (394, 18000, 394);





-------------------------------------------
----------------------------------
--3/29
--예매
--1번영화
INSERT INTO tblReservation (seq, adult, teen, senior, total, userSeq, screenTimeSeq) VALUES (395, 1, 1, 0, 2, 3, 37);
INSERT INTO tblReservation (seq, adult, teen, senior, total, userSeq, screenTimeSeq) VALUES (396, 0, 1, 0, 1, 4, 37);
INSERT INTO tblReservation (seq, adult, teen, senior, total, userSeq, screenTimeSeq) VALUES (397, 0, 0, 4, 4, 5, 37);
INSERT INTO tblReservation (seq, adult, teen, senior, total, userSeq, screenTimeSeq) VALUES (398, 1, 1, 2, 4, 6, 37);
INSERT INTO tblReservation (seq, adult, teen, senior, total, userSeq, screenTimeSeq) VALUES (399, 0, 2, 0, 2, 7, 37);
INSERT INTO tblReservation (seq, adult, teen, senior, total, userSeq, screenTimeSeq) VALUES (400, 2, 2, 2, 6, 8, 37);
INSERT INTO tblReservation (seq, adult, teen, senior, total, userSeq, screenTimeSeq) VALUES (401, 3, 3, 0, 6, 9, 37);
INSERT INTO tblReservation (seq, adult, teen, senior, total, userSeq, screenTimeSeq) VALUES (402, 1, 1, 1, 3, 10, 37);
INSERT INTO tblReservation (seq, adult, teen, senior, total, userSeq, screenTimeSeq) VALUES (403, 2, 3, 3, 8, 11, 37);
INSERT INTO tblReservation (seq, adult, teen, senior, total, userSeq, screenTimeSeq) VALUES (404, 2, 2, 0, 4, 12, 37);
INSERT INTO tblReservation (seq, adult, teen, senior, total, userSeq, screenTimeSeq) VALUES (405, 2, 0, 0, 2, 13, 37);
INSERT INTO tblReservation (seq, adult, teen, senior, total, userSeq, screenTimeSeq) VALUES (406, 2, 4, 0, 6, 14, 37);
INSERT INTO tblReservation (seq, adult, teen, senior, total, userSeq, screenTimeSeq) VALUES (407, 3, 3, 3, 9, 15, 37);

INSERT INTO tblReservation (seq, adult, teen, senior, total, userSeq, screenTimeSeq) VALUES (408, 2, 0, 0, 2, 10, 37);
INSERT INTO tblReservation (seq, adult, teen, senior, total, userSeq, screenTimeSeq) VALUES (409, 1, 1, 2, 4, 10, 37);
INSERT INTO tblReservation (seq, adult, teen, senior, total, userSeq, screenTimeSeq) VALUES (410, 0, 2, 2, 4, 12, 37);
INSERT INTO tblReservation (seq, adult, teen, senior, total, userSeq, screenTimeSeq) VALUES (411, 4, 0, 0, 4, 12, 37);
INSERT INTO tblReservation (seq, adult, teen, senior, total, userSeq, screenTimeSeq) VALUES (412, 0, 2, 2, 4, 14, 37);


--2번영화
INSERT INTO tblReservation (seq, adult, teen, senior, total, userSeq, screenTimeSeq) VALUES (413, 1, 1, 0, 2, 3, 121);
INSERT INTO tblReservation (seq, adult, teen, senior, total, userSeq, screenTimeSeq) VALUES (414, 0, 1, 0, 1, 4, 121);
INSERT INTO tblReservation (seq, adult, teen, senior, total, userSeq, screenTimeSeq) VALUES (415, 0, 0, 4, 4, 5, 121);
INSERT INTO tblReservation (seq, adult, teen, senior, total, userSeq, screenTimeSeq) VALUES (416, 1, 1, 2, 4, 6, 121);
INSERT INTO tblReservation (seq, adult, teen, senior, total, userSeq, screenTimeSeq) VALUES (417, 0, 2, 0, 2, 7, 121);
INSERT INTO tblReservation (seq, adult, teen, senior, total, userSeq, screenTimeSeq) VALUES (418, 2, 2, 2, 6, 8, 121);
INSERT INTO tblReservation (seq, adult, teen, senior, total, userSeq, screenTimeSeq) VALUES (419, 3, 3, 0, 6, 9, 121);
INSERT INTO tblReservation (seq, adult, teen, senior, total, userSeq, screenTimeSeq) VALUES (420, 1, 1, 1, 3, 10, 121);
INSERT INTO tblReservation (seq, adult, teen, senior, total, userSeq, screenTimeSeq) VALUES (421, 2, 3, 3, 8, 11, 121);
INSERT INTO tblReservation (seq, adult, teen, senior, total, userSeq, screenTimeSeq) VALUES (422, 2, 2, 0, 4, 12, 121);
INSERT INTO tblReservation (seq, adult, teen, senior, total, userSeq, screenTimeSeq) VALUES (423, 2, 0, 0, 2, 13, 121);
INSERT INTO tblReservation (seq, adult, teen, senior, total, userSeq, screenTimeSeq) VALUES (424, 2, 4, 0, 6, 14, 121);
INSERT INTO tblReservation (seq, adult, teen, senior, total, userSeq, screenTimeSeq) VALUES (425, 3, 3, 3, 9, 15, 121);

INSERT INTO tblReservation (seq, adult, teen, senior, total, userSeq, screenTimeSeq) VALUES (426, 0, 2, 1, 3, 3, 121);
INSERT INTO tblReservation (seq, adult, teen, senior, total, userSeq, screenTimeSeq) VALUES (427, 1, 0, 1, 2, 3, 121);
INSERT INTO tblReservation (seq, adult, teen, senior, total, userSeq, screenTimeSeq) VALUES (428, 2, 0, 0, 2, 3, 121);
INSERT INTO tblReservation (seq, adult, teen, senior, total, userSeq, screenTimeSeq) VALUES (429, 0, 1, 1, 2, 5, 121);
INSERT INTO tblReservation (seq, adult, teen, senior, total, userSeq, screenTimeSeq) VALUES (430, 0, 2, 2, 4, 5, 121);
INSERT INTO tblReservation (seq, adult, teen, senior, total, userSeq, screenTimeSeq) VALUES (431, 4, 1, 0, 5, 5, 121);
INSERT INTO tblReservation (seq, adult, teen, senior, total, userSeq, screenTimeSeq) VALUES (432, 3, 2, 0, 5, 5, 121);
INSERT INTO tblReservation (seq, adult, teen, senior, total, userSeq, screenTimeSeq) VALUES (433, 2, 2, 0, 4, 5, 121);
INSERT INTO tblReservation (seq, adult, teen, senior, total, userSeq, screenTimeSeq) VALUES (434, 1, 0, 1, 2, 7, 121);
INSERT INTO tblReservation (seq, adult, teen, senior, total, userSeq, screenTimeSeq) VALUES (435, 2, 0, 0, 2, 8, 121);
INSERT INTO tblReservation (seq, adult, teen, senior, total, userSeq, screenTimeSeq) VALUES (436, 2, 0, 0, 2, 8, 121);

--3번영화
INSERT INTO tblReservation (seq, adult, teen, senior, total, userSeq, screenTimeSeq) VALUES (436, 1, 1, 0, 2, 3, 205);
INSERT INTO tblReservation (seq, adult, teen, senior, total, userSeq, screenTimeSeq) VALUES (437, 0, 1, 0, 1, 4, 205);
INSERT INTO tblReservation (seq, adult, teen, senior, total, userSeq, screenTimeSeq) VALUES (438, 0, 0, 4, 4, 5, 205);
INSERT INTO tblReservation (seq, adult, teen, senior, total, userSeq, screenTimeSeq) VALUES (440, 1, 1, 2, 4, 6, 205);
INSERT INTO tblReservation (seq, adult, teen, senior, total, userSeq, screenTimeSeq) VALUES (441, 0, 2, 0, 2, 7, 205);
INSERT INTO tblReservation (seq, adult, teen, senior, total, userSeq, screenTimeSeq) VALUES (442, 2, 2, 2, 6, 8, 205);
INSERT INTO tblReservation (seq, adult, teen, senior, total, userSeq, screenTimeSeq) VALUES (443, 3, 3, 0, 6, 9, 205);
INSERT INTO tblReservation (seq, adult, teen, senior, total, userSeq, screenTimeSeq) VALUES (444, 1, 1, 1, 3, 10, 205);
INSERT INTO tblReservation (seq, adult, teen, senior, total, userSeq, screenTimeSeq) VALUES (445, 2, 3, 3, 8, 11, 205);
INSERT INTO tblReservation (seq, adult, teen, senior, total, userSeq, screenTimeSeq) VALUES (446, 2, 2, 0, 4, 12, 205);
INSERT INTO tblReservation (seq, adult, teen, senior, total, userSeq, screenTimeSeq) VALUES (447, 2, 0, 0, 2, 13, 205);
INSERT INTO tblReservation (seq, adult, teen, senior, total, userSeq, screenTimeSeq) VALUES (448, 2, 4, 0, 6, 14, 205);
INSERT INTO tblReservation (seq, adult, teen, senior, total, userSeq, screenTimeSeq) VALUES (449, 3, 3, 3, 9, 15, 205);
                                                                                                                  
INSERT INTO tblReservation (seq, adult, teen, senior, total, userSeq, screenTimeSeq) VALUES (450, 0, 1, 1, 2, 11, 205);
INSERT INTO tblReservation (seq, adult, teen, senior, total, userSeq, screenTimeSeq) VALUES (451, 1, 2, 1, 4, 11, 205);
INSERT INTO tblReservation (seq, adult, teen, senior, total, userSeq, screenTimeSeq) VALUES (452, 2, 2, 0, 4, 11, 205);
INSERT INTO tblReservation (seq, adult, teen, senior, total, userSeq, screenTimeSeq) VALUES (453, 1, 1, 2, 4, 11, 205);
INSERT INTO tblReservation (seq, adult, teen, senior, total, userSeq, screenTimeSeq) VALUES (454, 0, 3, 0, 3, 11, 205);
INSERT INTO tblReservation (seq, adult, teen, senior, total, userSeq, screenTimeSeq) VALUES (455, 0, 2, 1, 3, 11, 205);
INSERT INTO tblReservation (seq, adult, teen, senior, total, userSeq, screenTimeSeq) VALUES (456, 0, 2, 1, 3, 11, 205);
INSERT INTO tblReservation (seq, adult, teen, senior, total, userSeq, screenTimeSeq) VALUES (457, 0, 4, 0, 4, 11, 205);
INSERT INTO tblReservation (seq, adult, teen, senior, total, userSeq, screenTimeSeq) VALUES (458, 2, 1, 1, 4, 14, 205);
INSERT INTO tblReservation (seq, adult, teen, senior, total, userSeq, screenTimeSeq) VALUES (459, 3, 2, 0, 5, 14, 205);
INSERT INTO tblReservation (seq, adult, teen, senior, total, userSeq, screenTimeSeq) VALUES (460, 2, 3, 0, 5, 14, 205);
INSERT INTO tblReservation (seq, adult, teen, senior, total, userSeq, screenTimeSeq) VALUES (461, 2, 4, 0, 6, 14, 205);
INSERT INTO tblReservation (seq, adult, teen, senior, total, userSeq, screenTimeSeq) VALUES (462, 3, 3, 0, 6, 14, 205);
INSERT INTO tblReservation (seq, adult, teen, senior, total, userSeq, screenTimeSeq) VALUES (463, 3, 4, 0, 7, 14, 205);
INSERT INTO tblReservation (seq, adult, teen, senior, total, userSeq, screenTimeSeq) VALUES (464, 2, 4, 1, 7, 14, 205);

--4번영화
INSERT INTO tblReservation (seq, adult, teen, senior, total, userSeq, screenTimeSeq) VALUES (465, 1, 1, 0, 2, 3, 289);
INSERT INTO tblReservation (seq, adult, teen, senior, total, userSeq, screenTimeSeq) VALUES (466, 0, 1, 0, 1, 4, 289);
INSERT INTO tblReservation (seq, adult, teen, senior, total, userSeq, screenTimeSeq) VALUES (467, 0, 0, 4, 4, 5, 289);
INSERT INTO tblReservation (seq, adult, teen, senior, total, userSeq, screenTimeSeq) VALUES (468, 1, 1, 2, 4, 6, 289);
INSERT INTO tblReservation (seq, adult, teen, senior, total, userSeq, screenTimeSeq) VALUES (469, 0, 2, 0, 2, 7, 289);
INSERT INTO tblReservation (seq, adult, teen, senior, total, userSeq, screenTimeSeq) VALUES (470, 2, 2, 2, 6, 8, 289);
INSERT INTO tblReservation (seq, adult, teen, senior, total, userSeq, screenTimeSeq) VALUES (471, 3, 3, 0, 6, 9, 289);
INSERT INTO tblReservation (seq, adult, teen, senior, total, userSeq, screenTimeSeq) VALUES (472, 1, 1, 1, 3, 10, 289);
INSERT INTO tblReservation (seq, adult, teen, senior, total, userSeq, screenTimeSeq) VALUES (473, 2, 3, 3, 8, 11, 289);
INSERT INTO tblReservation (seq, adult, teen, senior, total, userSeq, screenTimeSeq) VALUES (474, 2, 2, 0, 4, 12, 289);
INSERT INTO tblReservation (seq, adult, teen, senior, total, userSeq, screenTimeSeq) VALUES (475, 2, 0, 0, 2, 13, 289);
INSERT INTO tblReservation (seq, adult, teen, senior, total, userSeq, screenTimeSeq) VALUES (476, 2, 4, 0, 6, 14, 289);
INSERT INTO tblReservation (seq, adult, teen, senior, total, userSeq, screenTimeSeq) VALUES (477, 3, 3, 3, 9, 15, 289);






--예매 금액                                                                            
--1번 영화    
INSERT INTO tblReservePay (seq, totalPrice, reservationSeq) VALUES (395, 20000, 395);  
INSERT INTO tblReservePay (seq, totalPrice, reservationSeq) VALUES (396, 36000, 396);  
INSERT INTO tblReservePay (seq, totalPrice, reservationSeq) VALUES (397, 18000, 397);  
INSERT INTO tblReservePay (seq, totalPrice, reservationSeq) VALUES (398, 8000, 398);   
INSERT INTO tblReservePay (seq, totalPrice, reservationSeq) VALUES (399, 24000, 399);  
INSERT INTO tblReservePay (seq, totalPrice, reservationSeq) VALUES (400, 30000, 400);  
INSERT INTO tblReservePay (seq, totalPrice, reservationSeq) VALUES (401, 16000, 401);  
INSERT INTO tblReservePay (seq, totalPrice, reservationSeq) VALUES (402, 48000, 402);  
INSERT INTO tblReservePay (seq, totalPrice, reservationSeq) VALUES (403, 54000, 403);  
INSERT INTO tblReservePay (seq, totalPrice, reservationSeq) VALUES (404, 24000, 404);
INSERT INTO tblReservePay (seq, totalPrice, reservationSeq) VALUES (405, 62000, 405);
INSERT INTO tblReservePay (seq, totalPrice, reservationSeq) VALUES (406, 36000, 406);
INSERT INTO tblReservePay (seq, totalPrice, reservationSeq) VALUES (407, 20000, 407);

INSERT INTO tblReservePay (seq, totalPrice, reservationSeq) VALUES (408, 20000, 408);
INSERT INTO tblReservePay (seq, totalPrice, reservationSeq) VALUES (409, 30000, 409);
INSERT INTO tblReservePay (seq, totalPrice, reservationSeq) VALUES (410, 28000, 410);
INSERT INTO tblReservePay (seq, totalPrice, reservationSeq) VALUES (411, 40000, 411);
INSERT INTO tblReservePay (seq, totalPrice, reservationSeq) VALUES (412, 28000, 412);





--2번 영화    
INSERT INTO tblReservePay (seq, totalPrice, reservationSeq) VALUES (413, 20000, 413);  
INSERT INTO tblReservePay (seq, totalPrice, reservationSeq) VALUES (414, 36000, 414);  
INSERT INTO tblReservePay (seq, totalPrice, reservationSeq) VALUES (415, 18000, 415);  
INSERT INTO tblReservePay (seq, totalPrice, reservationSeq) VALUES (416, 8000, 416);   
INSERT INTO tblReservePay (seq, totalPrice, reservationSeq) VALUES (417, 24000, 417);  
INSERT INTO tblReservePay (seq, totalPrice, reservationSeq) VALUES (418, 30000, 418);  
INSERT INTO tblReservePay (seq, totalPrice, reservationSeq) VALUES (419, 16000, 419);  
INSERT INTO tblReservePay (seq, totalPrice, reservationSeq) VALUES (420, 48000, 420);  
INSERT INTO tblReservePay (seq, totalPrice, reservationSeq) VALUES (421, 54000, 421);  
INSERT INTO tblReservePay (seq, totalPrice, reservationSeq) VALUES (422, 24000, 422);
INSERT INTO tblReservePay (seq, totalPrice, reservationSeq) VALUES (423, 62000, 423);
INSERT INTO tblReservePay (seq, totalPrice, reservationSeq) VALUES (424, 36000, 424);
INSERT INTO tblReservePay (seq, totalPrice, reservationSeq) VALUES (425, 20000, 425);

INSERT INTO tblReservePay (seq, totalPrice, reservationSeq) VALUES (426, 22000, 426);
INSERT INTO tblReservePay (seq, totalPrice, reservationSeq) VALUES (427, 16000, 427);
INSERT INTO tblReservePay (seq, totalPrice, reservationSeq) VALUES (428, 20000, 428);
INSERT INTO tblReservePay (seq, totalPrice, reservationSeq) VALUES (429, 14000, 429);
INSERT INTO tblReservePay (seq, totalPrice, reservationSeq) VALUES (430, 28000, 430);
INSERT INTO tblReservePay (seq, totalPrice, reservationSeq) VALUES (431, 48000, 431);
INSERT INTO tblReservePay (seq, totalPrice, reservationSeq) VALUES (432, 46000, 432);
INSERT INTO tblReservePay (seq, totalPrice, reservationSeq) VALUES (433, 36000, 433);
INSERT INTO tblReservePay (seq, totalPrice, reservationSeq) VALUES (434, 16000, 434);
INSERT INTO tblReservePay (seq, totalPrice, reservationSeq) VALUES (435, 20000, 435);
INSERT INTO tblReservePay (seq, totalPrice, reservationSeq) VALUES (436, 20000, 436);




--3번 영화    
INSERT INTO tblReservePay (seq, totalPrice, reservationSeq) VALUES (437, 20000, 437);  
INSERT INTO tblReservePay (seq, totalPrice, reservationSeq) VALUES (438, 36000, 438);  
INSERT INTO tblReservePay (seq, totalPrice, reservationSeq) VALUES (439, 18000, 439);  
INSERT INTO tblReservePay (seq, totalPrice, reservationSeq) VALUES (440, 8000, 440);   
INSERT INTO tblReservePay (seq, totalPrice, reservationSeq) VALUES (441, 24000, 441);  
INSERT INTO tblReservePay (seq, totalPrice, reservationSeq) VALUES (442, 30000, 442);  
INSERT INTO tblReservePay (seq, totalPrice, reservationSeq) VALUES (443, 16000, 443);  
INSERT INTO tblReservePay (seq, totalPrice, reservationSeq) VALUES (444, 48000, 444);  
INSERT INTO tblReservePay (seq, totalPrice, reservationSeq) VALUES (445, 54000, 445);  
INSERT INTO tblReservePay (seq, totalPrice, reservationSeq) VALUES (446, 24000, 446);
INSERT INTO tblReservePay (seq, totalPrice, reservationSeq) VALUES (447, 62000, 447);
INSERT INTO tblReservePay (seq, totalPrice, reservationSeq) VALUES (448, 36000, 448);
INSERT INTO tblReservePay (seq, totalPrice, reservationSeq) VALUES (449, 20000, 449);

INSERT INTO tblReservePay (seq, totalPrice, reservationSeq) VALUES (450, 14000, 450);
INSERT INTO tblReservePay (seq, totalPrice, reservationSeq) VALUES (451, 32000, 451);
INSERT INTO tblReservePay (seq, totalPrice, reservationSeq) VALUES (452, 36000, 452);
INSERT INTO tblReservePay (seq, totalPrice, reservationSeq) VALUES (453, 30000, 453);
INSERT INTO tblReservePay (seq, totalPrice, reservationSeq) VALUES (454, 24000, 454);
INSERT INTO tblReservePay (seq, totalPrice, reservationSeq) VALUES (455, 22000, 455);
INSERT INTO tblReservePay (seq, totalPrice, reservationSeq) VALUES (456, 22000, 456);
INSERT INTO tblReservePay (seq, totalPrice, reservationSeq) VALUES (457, 32000, 457);
INSERT INTO tblReservePay (seq, totalPrice, reservationSeq) VALUES (458, 34000, 458);
INSERT INTO tblReservePay (seq, totalPrice, reservationSeq) VALUES (459, 46000, 459);
INSERT INTO tblReservePay (seq, totalPrice, reservationSeq) VALUES (460, 44000, 460);
INSERT INTO tblReservePay (seq, totalPrice, reservationSeq) VALUES (461, 52000, 461);
INSERT INTO tblReservePay (seq, totalPrice, reservationSeq) VALUES (462, 54000, 462);
INSERT INTO tblReservePay (seq, totalPrice, reservationSeq) VALUES (463, 62000, 463);
INSERT INTO tblReservePay (seq, totalPrice, reservationSeq) VALUES (464, 58000, 464);




--4번 영화    
INSERT INTO tblReservePay (seq, totalPrice, reservationSeq) VALUES (465, 20000, 465);  
INSERT INTO tblReservePay (seq, totalPrice, reservationSeq) VALUES (466, 36000, 466);  
INSERT INTO tblReservePay (seq, totalPrice, reservationSeq) VALUES (467, 18000, 467);  
INSERT INTO tblReservePay (seq, totalPrice, reservationSeq) VALUES (468, 8000, 468);   
INSERT INTO tblReservePay (seq, totalPrice, reservationSeq) VALUES (469, 24000, 469);  
INSERT INTO tblReservePay (seq, totalPrice, reservationSeq) VALUES (470, 30000, 470);  
INSERT INTO tblReservePay (seq, totalPrice, reservationSeq) VALUES (471, 16000, 471);  
INSERT INTO tblReservePay (seq, totalPrice, reservationSeq) VALUES (472, 48000, 472);  
INSERT INTO tblReservePay (seq, totalPrice, reservationSeq) VALUES (473, 54000, 473);  
INSERT INTO tblReservePay (seq, totalPrice, reservationSeq) VALUES (474, 24000, 474);
INSERT INTO tblReservePay (seq, totalPrice, reservationSeq) VALUES (475, 62000, 475);
INSERT INTO tblReservePay (seq, totalPrice, reservationSeq) VALUES (476, 36000, 476);
INSERT INTO tblReservePay (seq, totalPrice, reservationSeq) VALUES (477, 20000, 477);



-------------------------------------------
----------------------------------
--3/30
--예매
--1번영화
INSERT INTO tblReservation (seq, adult, teen, senior, total, userSeq, screenTimeSeq) VALUES (478, 1, 1, 0, 2, 3, 43);
INSERT INTO tblReservation (seq, adult, teen, senior, total, userSeq, screenTimeSeq) VALUES (479, 0, 1, 0, 1, 4, 43);
INSERT INTO tblReservation (seq, adult, teen, senior, total, userSeq, screenTimeSeq) VALUES (480, 0, 0, 4, 4, 5, 43);
INSERT INTO tblReservation (seq, adult, teen, senior, total, userSeq, screenTimeSeq) VALUES (481, 1, 1, 2, 4, 6, 43);
INSERT INTO tblReservation (seq, adult, teen, senior, total, userSeq, screenTimeSeq) VALUES (482, 0, 2, 0, 2, 7, 43);
INSERT INTO tblReservation (seq, adult, teen, senior, total, userSeq, screenTimeSeq) VALUES (483, 2, 2, 2, 6, 8, 43);
INSERT INTO tblReservation (seq, adult, teen, senior, total, userSeq, screenTimeSeq) VALUES (484, 3, 3, 0, 6, 9, 43);
INSERT INTO tblReservation (seq, adult, teen, senior, total, userSeq, screenTimeSeq) VALUES (485, 1, 1, 1, 3, 10, 43);
INSERT INTO tblReservation (seq, adult, teen, senior, total, userSeq, screenTimeSeq) VALUES (486, 2, 3, 3, 8, 11, 43);
INSERT INTO tblReservation (seq, adult, teen, senior, total, userSeq, screenTimeSeq) VALUES (487, 2, 2, 0, 4, 12, 43);
INSERT INTO tblReservation (seq, adult, teen, senior, total, userSeq, screenTimeSeq) VALUES (488, 2, 0, 0, 2, 13, 43);
INSERT INTO tblReservation (seq, adult, teen, senior, total, userSeq, screenTimeSeq) VALUES (489, 2, 4, 0, 6, 14, 43);
INSERT INTO tblReservation (seq, adult, teen, senior, total, userSeq, screenTimeSeq) VALUES (490, 3, 3, 3, 9, 15, 43);

INSERT INTO tblReservation (seq, adult, teen, senior, total, userSeq, screenTimeSeq) VALUES (491, 2, 0, 0, 2, 4, 43);
INSERT INTO tblReservation (seq, adult, teen, senior, total, userSeq, screenTimeSeq) VALUES (492, 1, 1, 2, 4, 4, 43);
INSERT INTO tblReservation (seq, adult, teen, senior, total, userSeq, screenTimeSeq) VALUES (493, 0, 4, 0, 4, 4, 43);
INSERT INTO tblReservation (seq, adult, teen, senior, total, userSeq, screenTimeSeq) VALUES (494, 4, 1, 0, 5, 4, 43);
INSERT INTO tblReservation (seq, adult, teen, senior, total, userSeq, screenTimeSeq) VALUES (495, 3, 2, 0, 5, 4, 43);
INSERT INTO tblReservation (seq, adult, teen, senior, total, userSeq, screenTimeSeq) VALUES (496, 2, 3, 0, 5, 6, 43);
INSERT INTO tblReservation (seq, adult, teen, senior, total, userSeq, screenTimeSeq) VALUES (497, 4, 0, 2, 6, 6, 43);
INSERT INTO tblReservation (seq, adult, teen, senior, total, userSeq, screenTimeSeq) VALUES (498, 2, 2, 2, 6, 6, 43);
INSERT INTO tblReservation (seq, adult, teen, senior, total, userSeq, screenTimeSeq) VALUES (499, 3, 1, 2, 6, 6, 43);
INSERT INTO tblReservation (seq, adult, teen, senior, total, userSeq, screenTimeSeq) VALUES (500, 0, 2, 2, 4, 6, 43);
INSERT INTO tblReservation (seq, adult, teen, senior, total, userSeq, screenTimeSeq) VALUES (501, 4, 0, 0, 4, 6, 43);
INSERT INTO tblReservation (seq, adult, teen, senior, total, userSeq, screenTimeSeq) VALUES (502, 1, 2, 0, 3, 12, 43);
INSERT INTO tblReservation (seq, adult, teen, senior, total, userSeq, screenTimeSeq) VALUES (503, 2, 1, 0, 3, 12, 43);
INSERT INTO tblReservation (seq, adult, teen, senior, total, userSeq, screenTimeSeq) VALUES (504, 3, 0, 0, 3, 12, 43);
INSERT INTO tblReservation (seq, adult, teen, senior, total, userSeq, screenTimeSeq) VALUES (505, 1, 2, 0, 3, 12, 43);
INSERT INTO tblReservation (seq, adult, teen, senior, total, userSeq, screenTimeSeq) VALUES (506, 0, 2, 0, 2, 12, 43);
INSERT INTO tblReservation (seq, adult, teen, senior, total, userSeq, screenTimeSeq) VALUES (507, 0, 2, 0, 2, 14, 43);


--2번영화
INSERT INTO tblReservation (seq, adult, teen, senior, total, userSeq, screenTimeSeq) VALUES (508, 1, 1, 0, 2, 3, 127);
INSERT INTO tblReservation (seq, adult, teen, senior, total, userSeq, screenTimeSeq) VALUES (509, 0, 1, 0, 1, 4, 127);
INSERT INTO tblReservation (seq, adult, teen, senior, total, userSeq, screenTimeSeq) VALUES (510, 0, 0, 4, 4, 5, 127);
INSERT INTO tblReservation (seq, adult, teen, senior, total, userSeq, screenTimeSeq) VALUES (511, 1, 1, 2, 4, 6, 127);
INSERT INTO tblReservation (seq, adult, teen, senior, total, userSeq, screenTimeSeq) VALUES (512, 0, 2, 0, 2, 7, 127);
INSERT INTO tblReservation (seq, adult, teen, senior, total, userSeq, screenTimeSeq) VALUES (513, 2, 2, 2, 6, 8, 127);
INSERT INTO tblReservation (seq, adult, teen, senior, total, userSeq, screenTimeSeq) VALUES (514, 3, 3, 0, 6, 9, 127);
INSERT INTO tblReservation (seq, adult, teen, senior, total, userSeq, screenTimeSeq) VALUES (515, 1, 1, 1, 3, 10, 127);
INSERT INTO tblReservation (seq, adult, teen, senior, total, userSeq, screenTimeSeq) VALUES (516, 2, 3, 3, 8, 11, 127);
INSERT INTO tblReservation (seq, adult, teen, senior, total, userSeq, screenTimeSeq) VALUES (517, 2, 2, 0, 4, 12, 127);
INSERT INTO tblReservation (seq, adult, teen, senior, total, userSeq, screenTimeSeq) VALUES (518, 2, 0, 0, 2, 13, 127);
INSERT INTO tblReservation (seq, adult, teen, senior, total, userSeq, screenTimeSeq) VALUES (519, 2, 4, 0, 6, 14, 127);
INSERT INTO tblReservation (seq, adult, teen, senior, total, userSeq, screenTimeSeq) VALUES (520, 3, 3, 3, 9, 15, 127);

INSERT INTO tblReservation (seq, adult, teen, senior, total, userSeq, screenTimeSeq) VALUES (521, 0, 2, 1, 3, 3, 127);
INSERT INTO tblReservation (seq, adult, teen, senior, total, userSeq, screenTimeSeq) VALUES (522, 1, 1, 1, 3, 3, 127);
INSERT INTO tblReservation (seq, adult, teen, senior, total, userSeq, screenTimeSeq) VALUES (523, 2, 1, 0, 3, 3, 127);
INSERT INTO tblReservation (seq, adult, teen, senior, total, userSeq, screenTimeSeq) VALUES (524, 2, 0, 2, 4, 3, 127);
INSERT INTO tblReservation (seq, adult, teen, senior, total, userSeq, screenTimeSeq) VALUES (525, 2, 0, 2, 4, 3, 127);
INSERT INTO tblReservation (seq, adult, teen, senior, total, userSeq, screenTimeSeq) VALUES (526, 0, 1, 3, 4, 5, 127);
INSERT INTO tblReservation (seq, adult, teen, senior, total, userSeq, screenTimeSeq) VALUES (527, 3, 1, 1, 5, 5, 127);
INSERT INTO tblReservation (seq, adult, teen, senior, total, userSeq, screenTimeSeq) VALUES (528, 0, 1, 4, 5, 5, 127);
INSERT INTO tblReservation (seq, adult, teen, senior, total, userSeq, screenTimeSeq) VALUES (529, 0, 1, 4, 5, 5, 127);
INSERT INTO tblReservation (seq, adult, teen, senior, total, userSeq, screenTimeSeq) VALUES (530, 0, 3, 3, 6, 5, 127);
INSERT INTO tblReservation (seq, adult, teen, senior, total, userSeq, screenTimeSeq) VALUES (531, 2, 2, 2, 6, 5, 127);
INSERT INTO tblReservation (seq, adult, teen, senior, total, userSeq, screenTimeSeq) VALUES (532, 4, 1, 1, 6, 5, 127);
INSERT INTO tblReservation (seq, adult, teen, senior, total, userSeq, screenTimeSeq) VALUES (533, 3, 2, 0, 5, 5, 127);
INSERT INTO tblReservation (seq, adult, teen, senior, total, userSeq, screenTimeSeq) VALUES (534, 1, 2, 1, 5, 12, 127);
INSERT INTO tblReservation (seq, adult, teen, senior, total, userSeq, screenTimeSeq) VALUES (535, 0, 2, 3, 5, 12, 127);
INSERT INTO tblReservation (seq, adult, teen, senior, total, userSeq, screenTimeSeq) VALUES (536, 0, 3, 2, 4, 12, 127);
INSERT INTO tblReservation (seq, adult, teen, senior, total, userSeq, screenTimeSeq) VALUES (537, 1, 2, 1, 4, 12, 127);
INSERT INTO tblReservation (seq, adult, teen, senior, total, userSeq, screenTimeSeq) VALUES (538, 2, 2, 0, 4, 12, 127);
INSERT INTO tblReservation (seq, adult, teen, senior, total, userSeq, screenTimeSeq) VALUES (539, 2, 0, 1, 3, 14, 127);
INSERT INTO tblReservation (seq, adult, teen, senior, total, userSeq, screenTimeSeq) VALUES (540, 2, 0, 1, 3, 14, 127);
INSERT INTO tblReservation (seq, adult, teen, senior, total, userSeq, screenTimeSeq) VALUES (541, 2, 0, 1, 3, 14, 127);

--3번영화
INSERT INTO tblReservation (seq, adult, teen, senior, total, userSeq, screenTimeSeq) VALUES (542, 1, 1, 0, 2, 3, 211);
INSERT INTO tblReservation (seq, adult, teen, senior, total, userSeq, screenTimeSeq) VALUES (543, 0, 1, 0, 1, 4, 211);
INSERT INTO tblReservation (seq, adult, teen, senior, total, userSeq, screenTimeSeq) VALUES (544, 0, 0, 4, 4, 5, 211);
INSERT INTO tblReservation (seq, adult, teen, senior, total, userSeq, screenTimeSeq) VALUES (545, 1, 1, 2, 4, 6, 211);
INSERT INTO tblReservation (seq, adult, teen, senior, total, userSeq, screenTimeSeq) VALUES (546, 0, 2, 0, 2, 7, 211);
INSERT INTO tblReservation (seq, adult, teen, senior, total, userSeq, screenTimeSeq) VALUES (547, 2, 2, 2, 6, 8, 211);
INSERT INTO tblReservation (seq, adult, teen, senior, total, userSeq, screenTimeSeq) VALUES (548, 3, 3, 0, 6, 9, 211);
INSERT INTO tblReservation (seq, adult, teen, senior, total, userSeq, screenTimeSeq) VALUES (549, 1, 1, 1, 3, 10, 211);
INSERT INTO tblReservation (seq, adult, teen, senior, total, userSeq, screenTimeSeq) VALUES (550, 2, 3, 3, 8, 11, 211);
INSERT INTO tblReservation (seq, adult, teen, senior, total, userSeq, screenTimeSeq) VALUES (551, 2, 2, 0, 4, 12, 211);
INSERT INTO tblReservation (seq, adult, teen, senior, total, userSeq, screenTimeSeq) VALUES (552, 2, 0, 0, 2, 13, 211);
INSERT INTO tblReservation (seq, adult, teen, senior, total, userSeq, screenTimeSeq) VALUES (553, 2, 4, 0, 6, 14, 211);
INSERT INTO tblReservation (seq, adult, teen, senior, total, userSeq, screenTimeSeq) VALUES (554, 3, 3, 3, 9, 15, 211);
                                                                                                                  
INSERT INTO tblReservation (seq, adult, teen, senior, total, userSeq, screenTimeSeq) VALUES (555, 0, 1, 1, 2, 2, 211);
INSERT INTO tblReservation (seq, adult, teen, senior, total, userSeq, screenTimeSeq) VALUES (556, 2, 0, 2, 4, 2, 211);
INSERT INTO tblReservation (seq, adult, teen, senior, total, userSeq, screenTimeSeq) VALUES (557, 2, 0, 2, 4, 2, 211);
INSERT INTO tblReservation (seq, adult, teen, senior, total, userSeq, screenTimeSeq) VALUES (558, 2, 1, 1, 4, 2, 211);
INSERT INTO tblReservation (seq, adult, teen, senior, total, userSeq, screenTimeSeq) VALUES (559, 4, 0, 0, 4, 2, 211);
INSERT INTO tblReservation (seq, adult, teen, senior, total, userSeq, screenTimeSeq) VALUES (560, 2, 2, 0, 4, 2, 211);
INSERT INTO tblReservation (seq, adult, teen, senior, total, userSeq, screenTimeSeq) VALUES (561, 0, 3, 0, 3, 2, 211);
INSERT INTO tblReservation (seq, adult, teen, senior, total, userSeq, screenTimeSeq) VALUES (562, 1, 2, 0, 3, 2, 211);
INSERT INTO tblReservation (seq, adult, teen, senior, total, userSeq, screenTimeSeq) VALUES (563, 2, 1, 0, 3, 4, 211);
INSERT INTO tblReservation (seq, adult, teen, senior, total, userSeq, screenTimeSeq) VALUES (564, 2, 0, 1, 3, 4, 211);
INSERT INTO tblReservation (seq, adult, teen, senior, total, userSeq, screenTimeSeq) VALUES (565, 1, 1, 1, 3, 4, 211);
INSERT INTO tblReservation (seq, adult, teen, senior, total, userSeq, screenTimeSeq) VALUES (566, 3, 0, 0, 3, 4, 211);
INSERT INTO tblReservation (seq, adult, teen, senior, total, userSeq, screenTimeSeq) VALUES (567, 0, 3, 0, 3, 4, 211);
INSERT INTO tblReservation (seq, adult, teen, senior, total, userSeq, screenTimeSeq) VALUES (568, 0, 4, 0, 4, 4, 211);
INSERT INTO tblReservation (seq, adult, teen, senior, total, userSeq, screenTimeSeq) VALUES (569, 2, 2, 0, 4, 4, 211);
INSERT INTO tblReservation (seq, adult, teen, senior, total, userSeq, screenTimeSeq) VALUES (570, 2, 1, 1, 4, 13, 211);
INSERT INTO tblReservation (seq, adult, teen, senior, total, userSeq, screenTimeSeq) VALUES (571, 3, 2, 0, 5, 13, 211);
INSERT INTO tblReservation (seq, adult, teen, senior, total, userSeq, screenTimeSeq) VALUES (572, 2, 3, 0, 5, 13, 211);
INSERT INTO tblReservation (seq, adult, teen, senior, total, userSeq, screenTimeSeq) VALUES (573, 2, 1, 1, 4, 13, 211);
INSERT INTO tblReservation (seq, adult, teen, senior, total, userSeq, screenTimeSeq) VALUES (574, 0, 0, 4, 4, 13, 211);
INSERT INTO tblReservation (seq, adult, teen, senior, total, userSeq, screenTimeSeq) VALUES (575, 0, 2, 2, 4, 14, 211);
INSERT INTO tblReservation (seq, adult, teen, senior, total, userSeq, screenTimeSeq) VALUES (576, 0, 4, 0, 4, 14, 211);
INSERT INTO tblReservation (seq, adult, teen, senior, total, userSeq, screenTimeSeq) VALUES (577, 0, 1, 3, 4, 14, 211);
INSERT INTO tblReservation (seq, adult, teen, senior, total, userSeq, screenTimeSeq) VALUES (578, 1, 1, 4, 6, 14, 211);
INSERT INTO tblReservation (seq, adult, teen, senior, total, userSeq, screenTimeSeq) VALUES (579, 2, 2, 2, 6, 14, 211);

--4번영화
INSERT INTO tblReservation (seq, adult, teen, senior, total, userSeq, screenTimeSeq) VALUES (580, 1, 1, 0, 2, 3, 295);
INSERT INTO tblReservation (seq, adult, teen, senior, total, userSeq, screenTimeSeq) VALUES (581, 0, 1, 0, 1, 4, 295);
INSERT INTO tblReservation (seq, adult, teen, senior, total, userSeq, screenTimeSeq) VALUES (582, 0, 0, 4, 4, 5, 295);
INSERT INTO tblReservation (seq, adult, teen, senior, total, userSeq, screenTimeSeq) VALUES (583, 1, 1, 2, 4, 6, 295);
INSERT INTO tblReservation (seq, adult, teen, senior, total, userSeq, screenTimeSeq) VALUES (584, 0, 2, 0, 2, 7, 295);
INSERT INTO tblReservation (seq, adult, teen, senior, total, userSeq, screenTimeSeq) VALUES (585, 2, 2, 2, 6, 8, 295);
INSERT INTO tblReservation (seq, adult, teen, senior, total, userSeq, screenTimeSeq) VALUES (586, 3, 3, 0, 6, 9, 295);
INSERT INTO tblReservation (seq, adult, teen, senior, total, userSeq, screenTimeSeq) VALUES (587, 1, 1, 1, 3, 10, 295);
INSERT INTO tblReservation (seq, adult, teen, senior, total, userSeq, screenTimeSeq) VALUES (588, 2, 3, 3, 8, 11, 295);
INSERT INTO tblReservation (seq, adult, teen, senior, total, userSeq, screenTimeSeq) VALUES (589, 2, 2, 0, 4, 12, 295);
INSERT INTO tblReservation (seq, adult, teen, senior, total, userSeq, screenTimeSeq) VALUES (590, 2, 0, 0, 2, 13, 295);
INSERT INTO tblReservation (seq, adult, teen, senior, total, userSeq, screenTimeSeq) VALUES (591, 2, 4, 0, 6, 14, 295);
INSERT INTO tblReservation (seq, adult, teen, senior, total, userSeq, screenTimeSeq) VALUES (592, 3, 3, 3, 9, 15, 295);


INSERT INTO tblReservation (seq, adult, teen, senior, total, userSeq, screenTimeSeq) VALUES (593, 2, 0, 0, 2, 10, 295); 
INSERT INTO tblReservation (seq, adult, teen, senior, total, userSeq, screenTimeSeq) VALUES (594, 1, 1, 2, 4, 10, 295); 
INSERT INTO tblReservation (seq, adult, teen, senior, total, userSeq, screenTimeSeq) VALUES (595, 0, 2, 2, 4, 12, 295); 
INSERT INTO tblReservation (seq, adult, teen, senior, total, userSeq, screenTimeSeq) VALUES (596, 4, 0, 0, 4, 12, 295); 
INSERT INTO tblReservation (seq, adult, teen, senior, total, userSeq, screenTimeSeq) VALUES (597, 0, 2, 2, 4, 14, 295); 







--예매 금액                                                                            
--1번 영화    
INSERT INTO tblReservePay (seq, totalPrice, reservationSeq) VALUES (478, 20000, 478);  
INSERT INTO tblReservePay (seq, totalPrice, reservationSeq) VALUES (479, 36000, 479);  
INSERT INTO tblReservePay (seq, totalPrice, reservationSeq) VALUES (480, 18000, 480);  
INSERT INTO tblReservePay (seq, totalPrice, reservationSeq) VALUES (481, 8000, 481);   
INSERT INTO tblReservePay (seq, totalPrice, reservationSeq) VALUES (482, 24000, 482);  
INSERT INTO tblReservePay (seq, totalPrice, reservationSeq) VALUES (483, 30000, 483);  
INSERT INTO tblReservePay (seq, totalPrice, reservationSeq) VALUES (484, 16000, 484);  
INSERT INTO tblReservePay (seq, totalPrice, reservationSeq) VALUES (485, 48000, 485);  
INSERT INTO tblReservePay (seq, totalPrice, reservationSeq) VALUES (486, 54000, 486);  
INSERT INTO tblReservePay (seq, totalPrice, reservationSeq) VALUES (487, 24000, 487);
INSERT INTO tblReservePay (seq, totalPrice, reservationSeq) VALUES (488, 62000, 488);
INSERT INTO tblReservePay (seq, totalPrice, reservationSeq) VALUES (489, 36000, 489);
INSERT INTO tblReservePay (seq, totalPrice, reservationSeq) VALUES (490, 20000, 490);

INSERT INTO tblReservePay (seq, totalPrice, reservationSeq) VALUES (491, 20000, 491);
INSERT INTO tblReservePay (seq, totalPrice, reservationSeq) VALUES (492, 30000, 492);
INSERT INTO tblReservePay (seq, totalPrice, reservationSeq) VALUES (493, 32000, 493);
INSERT INTO tblReservePay (seq, totalPrice, reservationSeq) VALUES (494, 48000, 494);
INSERT INTO tblReservePay (seq, totalPrice, reservationSeq) VALUES (495, 46000, 495);
INSERT INTO tblReservePay (seq, totalPrice, reservationSeq) VALUES (496, 44000, 496);
INSERT INTO tblReservePay (seq, totalPrice, reservationSeq) VALUES (497, 52000, 497);
INSERT INTO tblReservePay (seq, totalPrice, reservationSeq) VALUES (498, 48000, 498);
INSERT INTO tblReservePay (seq, totalPrice, reservationSeq) VALUES (499, 50000, 499);
INSERT INTO tblReservePay (seq, totalPrice, reservationSeq) VALUES (500, 28000, 500);
INSERT INTO tblReservePay (seq, totalPrice, reservationSeq) VALUES (501, 40000, 501);
INSERT INTO tblReservePay (seq, totalPrice, reservationSeq) VALUES (502, 26000, 502);
INSERT INTO tblReservePay (seq, totalPrice, reservationSeq) VALUES (503, 28000, 503);
INSERT INTO tblReservePay (seq, totalPrice, reservationSeq) VALUES (504, 30000, 504);
INSERT INTO tblReservePay (seq, totalPrice, reservationSeq) VALUES (505, 26000, 505);
INSERT INTO tblReservePay (seq, totalPrice, reservationSeq) VALUES (506, 16000, 506);
INSERT INTO tblReservePay (seq, totalPrice, reservationSeq) VALUES (507, 16000, 507);






--2번 영화    
INSERT INTO tblReservePay (seq, totalPrice, reservationSeq) VALUES (508, 20000, 508);  
INSERT INTO tblReservePay (seq, totalPrice, reservationSeq) VALUES (509, 36000, 509);  
INSERT INTO tblReservePay (seq, totalPrice, reservationSeq) VALUES (510, 18000, 510);  
INSERT INTO tblReservePay (seq, totalPrice, reservationSeq) VALUES (511, 8000, 511);   
INSERT INTO tblReservePay (seq, totalPrice, reservationSeq) VALUES (512, 24000, 512);  
INSERT INTO tblReservePay (seq, totalPrice, reservationSeq) VALUES (513, 30000, 513);  
INSERT INTO tblReservePay (seq, totalPrice, reservationSeq) VALUES (514, 16000, 514);  
INSERT INTO tblReservePay (seq, totalPrice, reservationSeq) VALUES (515, 48000, 515);  
INSERT INTO tblReservePay (seq, totalPrice, reservationSeq) VALUES (516, 54000, 516);  
INSERT INTO tblReservePay (seq, totalPrice, reservationSeq) VALUES (517, 24000, 517);
INSERT INTO tblReservePay (seq, totalPrice, reservationSeq) VALUES (518, 62000, 518);
INSERT INTO tblReservePay (seq, totalPrice, reservationSeq) VALUES (519, 36000, 519);
INSERT INTO tblReservePay (seq, totalPrice, reservationSeq) VALUES (520, 20000, 520);

INSERT INTO tblReservePay (seq, totalPrice, reservationSeq) VALUES (521, 22000, 521);
INSERT INTO tblReservePay (seq, totalPrice, reservationSeq) VALUES (522, 24000, 522);
INSERT INTO tblReservePay (seq, totalPrice, reservationSeq) VALUES (523, 28000, 523);
INSERT INTO tblReservePay (seq, totalPrice, reservationSeq) VALUES (524, 32000, 524);
INSERT INTO tblReservePay (seq, totalPrice, reservationSeq) VALUES (525, 32000, 525);
INSERT INTO tblReservePay (seq, totalPrice, reservationSeq) VALUES (526, 26000, 526);
INSERT INTO tblReservePay (seq, totalPrice, reservationSeq) VALUES (527, 44000, 527);
INSERT INTO tblReservePay (seq, totalPrice, reservationSeq) VALUES (528, 32000, 528);
INSERT INTO tblReservePay (seq, totalPrice, reservationSeq) VALUES (529, 32000, 529);
INSERT INTO tblReservePay (seq, totalPrice, reservationSeq) VALUES (530, 42000, 530);
INSERT INTO tblReservePay (seq, totalPrice, reservationSeq) VALUES (531, 48000, 531);
INSERT INTO tblReservePay (seq, totalPrice, reservationSeq) VALUES (532, 54000, 532);
INSERT INTO tblReservePay (seq, totalPrice, reservationSeq) VALUES (533, 46000, 533);
INSERT INTO tblReservePay (seq, totalPrice, reservationSeq) VALUES (534, 32000, 534);
INSERT INTO tblReservePay (seq, totalPrice, reservationSeq) VALUES (535, 34000, 535);
INSERT INTO tblReservePay (seq, totalPrice, reservationSeq) VALUES (536, 36000, 536);
INSERT INTO tblReservePay (seq, totalPrice, reservationSeq) VALUES (537, 32000, 537);
INSERT INTO tblReservePay (seq, totalPrice, reservationSeq) VALUES (538, 36000, 538);
INSERT INTO tblReservePay (seq, totalPrice, reservationSeq) VALUES (539, 26000, 539);
INSERT INTO tblReservePay (seq, totalPrice, reservationSeq) VALUES (540, 26000, 540);
INSERT INTO tblReservePay (seq, totalPrice, reservationSeq) VALUES (541, 26000, 541);





--3번 영화    
INSERT INTO tblReservePay (seq, totalPrice, reservationSeq) VALUES (542, 20000, 542);  
INSERT INTO tblReservePay (seq, totalPrice, reservationSeq) VALUES (543, 36000, 543);  
INSERT INTO tblReservePay (seq, totalPrice, reservationSeq) VALUES (544, 18000, 544);  
INSERT INTO tblReservePay (seq, totalPrice, reservationSeq) VALUES (545, 8000, 545);   
INSERT INTO tblReservePay (seq, totalPrice, reservationSeq) VALUES (546, 24000, 546);  
INSERT INTO tblReservePay (seq, totalPrice, reservationSeq) VALUES (547, 30000, 547);  
INSERT INTO tblReservePay (seq, totalPrice, reservationSeq) VALUES (548, 16000, 548);  
INSERT INTO tblReservePay (seq, totalPrice, reservationSeq) VALUES (549, 48000, 549);  
INSERT INTO tblReservePay (seq, totalPrice, reservationSeq) VALUES (550, 54000, 550);  
INSERT INTO tblReservePay (seq, totalPrice, reservationSeq) VALUES (551, 24000, 551);
INSERT INTO tblReservePay (seq, totalPrice, reservationSeq) VALUES (552, 62000, 552);
INSERT INTO tblReservePay (seq, totalPrice, reservationSeq) VALUES (553, 36000, 553);
INSERT INTO tblReservePay (seq, totalPrice, reservationSeq) VALUES (554, 20000, 554);

INSERT INTO tblReservePay (seq, totalPrice, reservationSeq) VALUES (555, 14000, 555);
INSERT INTO tblReservePay (seq, totalPrice, reservationSeq) VALUES (556, 32000, 556);
INSERT INTO tblReservePay (seq, totalPrice, reservationSeq) VALUES (557, 32000, 557);
INSERT INTO tblReservePay (seq, totalPrice, reservationSeq) VALUES (558, 34000, 558);
INSERT INTO tblReservePay (seq, totalPrice, reservationSeq) VALUES (559, 40000, 559);
INSERT INTO tblReservePay (seq, totalPrice, reservationSeq) VALUES (560, 36000, 560);
INSERT INTO tblReservePay (seq, totalPrice, reservationSeq) VALUES (561, 24000, 561);
INSERT INTO tblReservePay (seq, totalPrice, reservationSeq) VALUES (562, 26000, 562);
INSERT INTO tblReservePay (seq, totalPrice, reservationSeq) VALUES (563, 28000, 563);
INSERT INTO tblReservePay (seq, totalPrice, reservationSeq) VALUES (564, 26000, 564);
INSERT INTO tblReservePay (seq, totalPrice, reservationSeq) VALUES (565, 34000, 565);
INSERT INTO tblReservePay (seq, totalPrice, reservationSeq) VALUES (566, 30000, 566);
INSERT INTO tblReservePay (seq, totalPrice, reservationSeq) VALUES (567, 24000, 567);
INSERT INTO tblReservePay (seq, totalPrice, reservationSeq) VALUES (568, 32000, 568);
INSERT INTO tblReservePay (seq, totalPrice, reservationSeq) VALUES (569, 36000, 569);
INSERT INTO tblReservePay (seq, totalPrice, reservationSeq) VALUES (570, 34000, 570);
INSERT INTO tblReservePay (seq, totalPrice, reservationSeq) VALUES (571, 46000, 571);
INSERT INTO tblReservePay (seq, totalPrice, reservationSeq) VALUES (572, 44000, 572);
INSERT INTO tblReservePay (seq, totalPrice, reservationSeq) VALUES (573, 34000, 573);
INSERT INTO tblReservePay (seq, totalPrice, reservationSeq) VALUES (574, 24000, 574);
INSERT INTO tblReservePay (seq, totalPrice, reservationSeq) VALUES (575, 32000, 575);
INSERT INTO tblReservePay (seq, totalPrice, reservationSeq) VALUES (576, 32000, 576);
INSERT INTO tblReservePay (seq, totalPrice, reservationSeq) VALUES (577, 26000, 577);
INSERT INTO tblReservePay (seq, totalPrice, reservationSeq) VALUES (578, 42000, 578);
INSERT INTO tblReservePay (seq, totalPrice, reservationSeq) VALUES (579, 48000, 579);




--4번 영화    
INSERT INTO tblReservePay (seq, totalPrice, reservationSeq) VALUES (580, 20000, 580);  
INSERT INTO tblReservePay (seq, totalPrice, reservationSeq) VALUES (581, 36000, 581);  
INSERT INTO tblReservePay (seq, totalPrice, reservationSeq) VALUES (582, 18000, 582);  
INSERT INTO tblReservePay (seq, totalPrice, reservationSeq) VALUES (583, 8000, 583);   
INSERT INTO tblReservePay (seq, totalPrice, reservationSeq) VALUES (584, 24000, 584);  
INSERT INTO tblReservePay (seq, totalPrice, reservationSeq) VALUES (585, 30000, 585);  
INSERT INTO tblReservePay (seq, totalPrice, reservationSeq) VALUES (586, 16000, 586);  
INSERT INTO tblReservePay (seq, totalPrice, reservationSeq) VALUES (587, 48000, 587);  
INSERT INTO tblReservePay (seq, totalPrice, reservationSeq) VALUES (588, 54000, 588);  
INSERT INTO tblReservePay (seq, totalPrice, reservationSeq) VALUES (589, 24000, 589);
INSERT INTO tblReservePay (seq, totalPrice, reservationSeq) VALUES (590, 62000, 590);
INSERT INTO tblReservePay (seq, totalPrice, reservationSeq) VALUES (591, 36000, 591);
INSERT INTO tblReservePay (seq, totalPrice, reservationSeq) VALUES (592, 20000, 592);


INSERT INTO tblReservePay (seq, totalPrice, reservationSeq) VALUES (593, 20000, 593); 
INSERT INTO tblReservePay (seq, totalPrice, reservationSeq) VALUES (594, 30000, 594); 
INSERT INTO tblReservePay (seq, totalPrice, reservationSeq) VALUES (595, 28000, 595); 
INSERT INTO tblReservePay (seq, totalPrice, reservationSeq) VALUES (596, 40000, 596); 
INSERT INTO tblReservePay (seq, totalPrice, reservationSeq) VALUES (597, 28000, 597); 





-------------------------------------------
----------------------------------
--3/31
--예매
--1번영화
INSERT INTO tblReservation (seq, adult, teen, senior, total, userSeq, screenTimeSeq) VALUES (598, 1, 1, 0, 2, 3, 49);
INSERT INTO tblReservation (seq, adult, teen, senior, total, userSeq, screenTimeSeq) VALUES (599, 0, 1, 0, 1, 4, 49);
INSERT INTO tblReservation (seq, adult, teen, senior, total, userSeq, screenTimeSeq) VALUES (600, 0, 0, 4, 4, 5, 49);
INSERT INTO tblReservation (seq, adult, teen, senior, total, userSeq, screenTimeSeq) VALUES (601, 1, 1, 2, 4, 6, 49);
INSERT INTO tblReservation (seq, adult, teen, senior, total, userSeq, screenTimeSeq) VALUES (602, 0, 2, 0, 2, 7, 49);
INSERT INTO tblReservation (seq, adult, teen, senior, total, userSeq, screenTimeSeq) VALUES (603, 2, 2, 2, 6, 8, 49);
INSERT INTO tblReservation (seq, adult, teen, senior, total, userSeq, screenTimeSeq) VALUES (604, 3, 3, 0, 6, 9, 49);
INSERT INTO tblReservation (seq, adult, teen, senior, total, userSeq, screenTimeSeq) VALUES (605, 1, 1, 1, 3, 10, 49);
INSERT INTO tblReservation (seq, adult, teen, senior, total, userSeq, screenTimeSeq) VALUES (606, 2, 3, 3, 8, 11, 49);
INSERT INTO tblReservation (seq, adult, teen, senior, total, userSeq, screenTimeSeq) VALUES (607, 2, 2, 0, 4, 12, 49);
INSERT INTO tblReservation (seq, adult, teen, senior, total, userSeq, screenTimeSeq) VALUES (608, 2, 0, 0, 2, 13, 49);
INSERT INTO tblReservation (seq, adult, teen, senior, total, userSeq, screenTimeSeq) VALUES (609, 2, 4, 0, 6, 14, 49);
INSERT INTO tblReservation (seq, adult, teen, senior, total, userSeq, screenTimeSeq) VALUES (610, 3, 3, 3, 9, 15, 49);

INSERT INTO tblReservation (seq, adult, teen, senior, total, userSeq, screenTimeSeq) VALUES (611, 2, 0, 0, 2, 4, 49);
INSERT INTO tblReservation (seq, adult, teen, senior, total, userSeq, screenTimeSeq) VALUES (612, 1, 1, 2, 4, 4, 49);
INSERT INTO tblReservation (seq, adult, teen, senior, total, userSeq, screenTimeSeq) VALUES (613, 0, 4, 0, 4, 4, 49);

--수정 614 615
INSERT INTO tblReservation (seq, adult, teen, senior, total, userSeq, screenTimeSeq) VALUES (614, 2, 3, 0, 5, 6, 49);
INSERT INTO tblReservation (seq, adult, teen, senior, total, userSeq, screenTimeSeq) VALUES (615, 4, 0, 2, 6, 6, 49);
INSERT INTO tblReservation (seq, adult, teen, senior, total, userSeq, screenTimeSeq) VALUES (616, 2, 2, 2, 6, 6, 49);
INSERT INTO tblReservation (seq, adult, teen, senior, total, userSeq, screenTimeSeq) VALUES (617, 0, 2, 2, 4, 6, 49);
INSERT INTO tblReservation (seq, adult, teen, senior, total, userSeq, screenTimeSeq) VALUES (618, 4, 0, 0, 4, 6, 49);
INSERT INTO tblReservation (seq, adult, teen, senior, total, userSeq, screenTimeSeq) VALUES (619, 1, 2, 0, 3, 12, 49);
INSERT INTO tblReservation (seq, adult, teen, senior, total, userSeq, screenTimeSeq) VALUES (620, 0, 2, 0, 2, 12, 49);
INSERT INTO tblReservation (seq, adult, teen, senior, total, userSeq, screenTimeSeq) VALUES (621, 0, 2, 0, 2, 14, 49);


--2번영화
INSERT INTO tblReservation (seq, adult, teen, senior, total, userSeq, screenTimeSeq) VALUES (622, 1, 1, 0, 2, 3, 133);
INSERT INTO tblReservation (seq, adult, teen, senior, total, userSeq, screenTimeSeq) VALUES (623, 0, 1, 0, 1, 4, 133);
INSERT INTO tblReservation (seq, adult, teen, senior, total, userSeq, screenTimeSeq) VALUES (624, 0, 0, 4, 4, 5, 133);
INSERT INTO tblReservation (seq, adult, teen, senior, total, userSeq, screenTimeSeq) VALUES (625, 1, 1, 2, 4, 6, 133);
INSERT INTO tblReservation (seq, adult, teen, senior, total, userSeq, screenTimeSeq) VALUES (626, 0, 2, 0, 2, 7, 133);
INSERT INTO tblReservation (seq, adult, teen, senior, total, userSeq, screenTimeSeq) VALUES (627, 2, 2, 2, 6, 8, 133);
INSERT INTO tblReservation (seq, adult, teen, senior, total, userSeq, screenTimeSeq) VALUES (628, 3, 3, 0, 6, 9, 133);
INSERT INTO tblReservation (seq, adult, teen, senior, total, userSeq, screenTimeSeq) VALUES (629, 1, 1, 1, 3, 10, 133);
INSERT INTO tblReservation (seq, adult, teen, senior, total, userSeq, screenTimeSeq) VALUES (630, 2, 3, 3, 8, 11, 133);
INSERT INTO tblReservation (seq, adult, teen, senior, total, userSeq, screenTimeSeq) VALUES (631, 2, 2, 0, 4, 12, 133);
INSERT INTO tblReservation (seq, adult, teen, senior, total, userSeq, screenTimeSeq) VALUES (632, 2, 0, 0, 2, 13, 133);
INSERT INTO tblReservation (seq, adult, teen, senior, total, userSeq, screenTimeSeq) VALUES (633, 2, 4, 0, 6, 14, 133);
INSERT INTO tblReservation (seq, adult, teen, senior, total, userSeq, screenTimeSeq) VALUES (634, 3, 3, 3, 9, 15, 133);

INSERT INTO tblReservation (seq, adult, teen, senior, total, userSeq, screenTimeSeq) VALUES (635, 0, 2, 1, 3, 3, 133);
INSERT INTO tblReservation (seq, adult, teen, senior, total, userSeq, screenTimeSeq) VALUES (636, 1, 1, 1, 3, 3, 133);
INSERT INTO tblReservation (seq, adult, teen, senior, total, userSeq, screenTimeSeq) VALUES (637, 1, 2, 1, 5, 12, 133);
INSERT INTO tblReservation (seq, adult, teen, senior, total, userSeq, screenTimeSeq) VALUES (638, 0, 2, 3, 5, 12, 133);
INSERT INTO tblReservation (seq, adult, teen, senior, total, userSeq, screenTimeSeq) VALUES (639, 0, 2, 3, 5, 12, 133);
INSERT INTO tblReservation (seq, adult, teen, senior, total, userSeq, screenTimeSeq) VALUES (640, 0, 2, 3, 5, 12, 133);
INSERT INTO tblReservation (seq, adult, teen, senior, total, userSeq, screenTimeSeq) VALUES (641, 0, 2, 3, 5, 12, 133);
INSERT INTO tblReservation (seq, adult, teen, senior, total, userSeq, screenTimeSeq) VALUES (642, 0, 2, 3, 5, 12, 133);
INSERT INTO tblReservation (seq, adult, teen, senior, total, userSeq, screenTimeSeq) VALUES (643, 0, 2, 3, 5, 12, 133);
INSERT INTO tblReservation (seq, adult, teen, senior, total, userSeq, screenTimeSeq) VALUES (644, 0, 2, 3, 5, 12, 133);
INSERT INTO tblReservation (seq, adult, teen, senior, total, userSeq, screenTimeSeq) VALUES (645, 0, 2, 3, 5, 12, 133);
INSERT INTO tblReservation (seq, adult, teen, senior, total, userSeq, screenTimeSeq) VALUES (646, 0, 2, 3, 5, 12, 133);
INSERT INTO tblReservation (seq, adult, teen, senior, total, userSeq, screenTimeSeq) VALUES (647, 0, 2, 3, 5, 12, 133);
INSERT INTO tblReservation (seq, adult, teen, senior, total, userSeq, screenTimeSeq) VALUES (648, 0, 3, 2, 4, 12, 133);
INSERT INTO tblReservation (seq, adult, teen, senior, total, userSeq, screenTimeSeq) VALUES (649, 1, 2, 1, 4, 12, 133);
INSERT INTO tblReservation (seq, adult, teen, senior, total, userSeq, screenTimeSeq) VALUES (650, 2, 2, 0, 4, 12, 133);
INSERT INTO tblReservation (seq, adult, teen, senior, total, userSeq, screenTimeSeq) VALUES (651, 2, 2, 0, 4, 12, 133);
INSERT INTO tblReservation (seq, adult, teen, senior, total, userSeq, screenTimeSeq) VALUES (652, 2, 2, 0, 4, 12, 133);
INSERT INTO tblReservation (seq, adult, teen, senior, total, userSeq, screenTimeSeq) VALUES (653, 2, 2, 0, 4, 12, 133);


--INSERT INTO tblReservation (seq, adult, teen, senior, total, userSeq, screenTimeSeq) VALUES (654, 2, 0, 1, 3, 14, 133);
--INSERT INTO tblReservation (seq, adult, teen, senior, total, userSeq, screenTimeSeq) VALUES (655, 2, 0, 1, 3, 14, 133);
--INSERT INTO tblReservation (seq, adult, teen, senior, total, userSeq, screenTimeSeq) VALUES (656, 2, 0, 1, 3, 14, 133);

--3번영화
INSERT INTO tblReservation (seq, adult, teen, senior, total, userSeq, screenTimeSeq) VALUES (654, 1, 1, 0, 2, 3, 217);
INSERT INTO tblReservation (seq, adult, teen, senior, total, userSeq, screenTimeSeq) VALUES (655, 0, 1, 0, 1, 4, 217);
INSERT INTO tblReservation (seq, adult, teen, senior, total, userSeq, screenTimeSeq) VALUES (656, 0, 0, 4, 4, 5, 217);
INSERT INTO tblReservation (seq, adult, teen, senior, total, userSeq, screenTimeSeq) VALUES (657, 1, 1, 2, 4, 6, 217);
INSERT INTO tblReservation (seq, adult, teen, senior, total, userSeq, screenTimeSeq) VALUES (658, 0, 2, 0, 2, 7, 217);
INSERT INTO tblReservation (seq, adult, teen, senior, total, userSeq, screenTimeSeq) VALUES (659, 2, 2, 2, 6, 8, 217);
INSERT INTO tblReservation (seq, adult, teen, senior, total, userSeq, screenTimeSeq) VALUES (660, 3, 3, 0, 6, 9, 217);
INSERT INTO tblReservation (seq, adult, teen, senior, total, userSeq, screenTimeSeq) VALUES (661, 1, 1, 1, 3, 10, 217);
INSERT INTO tblReservation (seq, adult, teen, senior, total, userSeq, screenTimeSeq) VALUES (662, 2, 3, 3, 8, 11, 217);
INSERT INTO tblReservation (seq, adult, teen, senior, total, userSeq, screenTimeSeq) VALUES (663, 2, 2, 0, 4, 12, 217);
INSERT INTO tblReservation (seq, adult, teen, senior, total, userSeq, screenTimeSeq) VALUES (664, 2, 0, 0, 2, 13, 217);
INSERT INTO tblReservation (seq, adult, teen, senior, total, userSeq, screenTimeSeq) VALUES (665, 2, 4, 0, 6, 14, 217);
INSERT INTO tblReservation (seq, adult, teen, senior, total, userSeq, screenTimeSeq) VALUES (666, 3, 3, 3, 9, 15, 217);
                                                                                                                  
INSERT INTO tblReservation (seq, adult, teen, senior, total, userSeq, screenTimeSeq) VALUES (667, 0, 1, 1, 2, 2, 217);
INSERT INTO tblReservation (seq, adult, teen, senior, total, userSeq, screenTimeSeq) VALUES (668, 2, 0, 2, 4, 2, 217);
INSERT INTO tblReservation (seq, adult, teen, senior, total, userSeq, screenTimeSeq) VALUES (669, 2, 0, 2, 4, 2, 217);
INSERT INTO tblReservation (seq, adult, teen, senior, total, userSeq, screenTimeSeq) VALUES (670, 2, 1, 1, 4, 2, 217);
INSERT INTO tblReservation (seq, adult, teen, senior, total, userSeq, screenTimeSeq) VALUES (671, 4, 0, 0, 4, 2, 217);
INSERT INTO tblReservation (seq, adult, teen, senior, total, userSeq, screenTimeSeq) VALUES (672, 2, 2, 0, 4, 2, 217);
INSERT INTO tblReservation (seq, adult, teen, senior, total, userSeq, screenTimeSeq) VALUES (673, 0, 3, 0, 3, 2, 217);
INSERT INTO tblReservation (seq, adult, teen, senior, total, userSeq, screenTimeSeq) VALUES (674, 1, 2, 0, 3, 2, 217);
INSERT INTO tblReservation (seq, adult, teen, senior, total, userSeq, screenTimeSeq) VALUES (675, 2, 1, 0, 3, 4, 217);
INSERT INTO tblReservation (seq, adult, teen, senior, total, userSeq, screenTimeSeq) VALUES (676, 2, 0, 1, 3, 4, 217);
INSERT INTO tblReservation (seq, adult, teen, senior, total, userSeq, screenTimeSeq) VALUES (677, 1, 1, 1, 3, 4, 217);
INSERT INTO tblReservation (seq, adult, teen, senior, total, userSeq, screenTimeSeq) VALUES (678, 3, 0, 0, 3, 4, 217);
INSERT INTO tblReservation (seq, adult, teen, senior, total, userSeq, screenTimeSeq) VALUES (679, 3, 0, 0, 3, 4, 217);
INSERT INTO tblReservation (seq, adult, teen, senior, total, userSeq, screenTimeSeq) VALUES (680, 3, 0, 0, 3, 4, 217);
INSERT INTO tblReservation (seq, adult, teen, senior, total, userSeq, screenTimeSeq) VALUES (681, 3, 0, 0, 3, 4, 217);
INSERT INTO tblReservation (seq, adult, teen, senior, total, userSeq, screenTimeSeq) VALUES (682, 3, 0, 0, 3, 4, 217);
INSERT INTO tblReservation (seq, adult, teen, senior, total, userSeq, screenTimeSeq) VALUES (683, 3, 0, 0, 3, 4, 217);
INSERT INTO tblReservation (seq, adult, teen, senior, total, userSeq, screenTimeSeq) VALUES (684, 3, 0, 0, 3, 4, 217);
INSERT INTO tblReservation (seq, adult, teen, senior, total, userSeq, screenTimeSeq) VALUES (685, 0, 3, 0, 3, 4, 217);
INSERT INTO tblReservation (seq, adult, teen, senior, total, userSeq, screenTimeSeq) VALUES (686, 0, 3, 0, 3, 4, 217);
INSERT INTO tblReservation (seq, adult, teen, senior, total, userSeq, screenTimeSeq) VALUES (687, 0, 4, 0, 4, 4, 217);
INSERT INTO tblReservation (seq, adult, teen, senior, total, userSeq, screenTimeSeq) VALUES (688, 2, 2, 0, 4, 4, 217);
INSERT INTO tblReservation (seq, adult, teen, senior, total, userSeq, screenTimeSeq) VALUES (689, 2, 1, 1, 4, 13, 217);
INSERT INTO tblReservation (seq, adult, teen, senior, total, userSeq, screenTimeSeq) VALUES (690, 3, 2, 0, 5, 13, 217);
INSERT INTO tblReservation (seq, adult, teen, senior, total, userSeq, screenTimeSeq) VALUES (691, 2, 1, 1, 4, 13, 217);
INSERT INTO tblReservation (seq, adult, teen, senior, total, userSeq, screenTimeSeq) VALUES (692, 0, 0, 4, 4, 13, 217);
INSERT INTO tblReservation (seq, adult, teen, senior, total, userSeq, screenTimeSeq) VALUES (693, 0, 1, 3, 4, 14, 217);
INSERT INTO tblReservation (seq, adult, teen, senior, total, userSeq, screenTimeSeq) VALUES (694, 2, 2, 2, 6, 14, 217);

--4번영화
INSERT INTO tblReservation (seq, adult, teen, senior, total, userSeq, screenTimeSeq) VALUES (695, 1, 1, 0, 2, 3, 301);
INSERT INTO tblReservation (seq, adult, teen, senior, total, userSeq, screenTimeSeq) VALUES (696, 0, 1, 0, 1, 4, 301);
INSERT INTO tblReservation (seq, adult, teen, senior, total, userSeq, screenTimeSeq) VALUES (697, 0, 0, 4, 4, 5, 301);
INSERT INTO tblReservation (seq, adult, teen, senior, total, userSeq, screenTimeSeq) VALUES (698, 1, 1, 2, 4, 6, 301);
INSERT INTO tblReservation (seq, adult, teen, senior, total, userSeq, screenTimeSeq) VALUES (699, 0, 2, 0, 2, 7, 301);
INSERT INTO tblReservation (seq, adult, teen, senior, total, userSeq, screenTimeSeq) VALUES (700, 2, 2, 2, 6, 8, 301);
INSERT INTO tblReservation (seq, adult, teen, senior, total, userSeq, screenTimeSeq) VALUES (701, 3, 3, 0, 6, 9, 301);
INSERT INTO tblReservation (seq, adult, teen, senior, total, userSeq, screenTimeSeq) VALUES (702, 1, 1, 1, 3, 10, 301);
INSERT INTO tblReservation (seq, adult, teen, senior, total, userSeq, screenTimeSeq) VALUES (703, 2, 3, 3, 8, 11, 301);
INSERT INTO tblReservation (seq, adult, teen, senior, total, userSeq, screenTimeSeq) VALUES (704, 2, 2, 0, 4, 12, 301);
INSERT INTO tblReservation (seq, adult, teen, senior, total, userSeq, screenTimeSeq) VALUES (705, 2, 0, 0, 2, 13, 301);
INSERT INTO tblReservation (seq, adult, teen, senior, total, userSeq, screenTimeSeq) VALUES (706, 2, 4, 0, 6, 14, 301);
INSERT INTO tblReservation (seq, adult, teen, senior, total, userSeq, screenTimeSeq) VALUES (707, 3, 3, 3, 9, 15, 301);



INSERT INTO tblReservation (seq, adult, teen, senior, total, userSeq, screenTimeSeq) VALUES (708, 3, 0, 0, 3, 4, 301);
INSERT INTO tblReservation (seq, adult, teen, senior, total, userSeq, screenTimeSeq) VALUES (709, 3, 0, 0, 3, 4, 301);
INSERT INTO tblReservation (seq, adult, teen, senior, total, userSeq, screenTimeSeq) VALUES (710, 3, 0, 0, 3, 4, 301);
INSERT INTO tblReservation (seq, adult, teen, senior, total, userSeq, screenTimeSeq) VALUES (711, 3, 0, 0, 3, 4, 301);
INSERT INTO tblReservation (seq, adult, teen, senior, total, userSeq, screenTimeSeq) VALUES (712, 3, 0, 0, 3, 4, 301);
INSERT INTO tblReservation (seq, adult, teen, senior, total, userSeq, screenTimeSeq) VALUES (713, 2, 0, 0, 2, 10, 301); 
INSERT INTO tblReservation (seq, adult, teen, senior, total, userSeq, screenTimeSeq) VALUES (714, 1, 1, 2, 4, 10, 301); 
INSERT INTO tblReservation (seq, adult, teen, senior, total, userSeq, screenTimeSeq) VALUES (715, 0, 2, 2, 4, 12, 301); 
INSERT INTO tblReservation (seq, adult, teen, senior, total, userSeq, screenTimeSeq) VALUES (716, 4, 0, 0, 4, 12, 301); 
INSERT INTO tblReservation (seq, adult, teen, senior, total, userSeq, screenTimeSeq) VALUES (717, 4, 0, 0, 4, 12, 301); 
INSERT INTO tblReservation (seq, adult, teen, senior, total, userSeq, screenTimeSeq) VALUES (718, 4, 0, 0, 4, 12, 301); 
INSERT INTO tblReservation (seq, adult, teen, senior, total, userSeq, screenTimeSeq) VALUES (719, 4, 0, 0, 4, 12, 301); 
INSERT INTO tblReservation (seq, adult, teen, senior, total, userSeq, screenTimeSeq) VALUES (720, 4, 0, 0, 4, 12, 301); 
INSERT INTO tblReservation (seq, adult, teen, senior, total, userSeq, screenTimeSeq) VALUES (721, 4, 0, 0, 4, 12, 301); 
INSERT INTO tblReservation (seq, adult, teen, senior, total, userSeq, screenTimeSeq) VALUES (722, 4, 0, 0, 4, 12, 301); 
INSERT INTO tblReservation (seq, adult, teen, senior, total, userSeq, screenTimeSeq) VALUES (723, 4, 0, 0, 4, 12, 301); 
INSERT INTO tblReservation (seq, adult, teen, senior, total, userSeq, screenTimeSeq) VALUES (724, 4, 0, 0, 4, 12, 301); 
INSERT INTO tblReservation (seq, adult, teen, senior, total, userSeq, screenTimeSeq) VALUES (725, 4, 0, 0, 4, 12, 301); 
INSERT INTO tblReservation (seq, adult, teen, senior, total, userSeq, screenTimeSeq) VALUES (726, 0, 2, 2, 4, 14, 301); 







--예매 금액                                                                            
--1번 영화    
INSERT INTO tblReservePay (seq, totalPrice, reservationSeq) VALUES (598, 20000, 598);  
INSERT INTO tblReservePay (seq, totalPrice, reservationSeq) VALUES (599, 36000, 599);  
INSERT INTO tblReservePay (seq, totalPrice, reservationSeq) VALUES (600, 18000, 600);  
INSERT INTO tblReservePay (seq, totalPrice, reservationSeq) VALUES (601, 8000, 601);   
INSERT INTO tblReservePay (seq, totalPrice, reservationSeq) VALUES (602, 24000, 602);  
INSERT INTO tblReservePay (seq, totalPrice, reservationSeq) VALUES (603, 30000, 603);  
INSERT INTO tblReservePay (seq, totalPrice, reservationSeq) VALUES (604, 16000, 604);  
INSERT INTO tblReservePay (seq, totalPrice, reservationSeq) VALUES (605, 48000, 605);  
INSERT INTO tblReservePay (seq, totalPrice, reservationSeq) VALUES (606, 54000, 606);  
INSERT INTO tblReservePay (seq, totalPrice, reservationSeq) VALUES (607, 24000, 607);
INSERT INTO tblReservePay (seq, totalPrice, reservationSeq) VALUES (608, 62000, 608);
INSERT INTO tblReservePay (seq, totalPrice, reservationSeq) VALUES (609, 36000, 609);
INSERT INTO tblReservePay (seq, totalPrice, reservationSeq) VALUES (610, 20000, 610);

INSERT INTO tblReservePay (seq, totalPrice, reservationSeq) VALUES (611, 20000, 611);
INSERT INTO tblReservePay (seq, totalPrice, reservationSeq) VALUES (612, 30000, 612);
INSERT INTO tblReservePay (seq, totalPrice, reservationSeq) VALUES (613, 32000, 613);
INSERT INTO tblReservePay (seq, totalPrice, reservationSeq) VALUES (614, 44000, 614);
INSERT INTO tblReservePay (seq, totalPrice, reservationSeq) VALUES (615, 52000, 615);
INSERT INTO tblReservePay (seq, totalPrice, reservationSeq) VALUES (616, 48000, 616);
INSERT INTO tblReservePay (seq, totalPrice, reservationSeq) VALUES (617, 28000, 617);
INSERT INTO tblReservePay (seq, totalPrice, reservationSeq) VALUES (618, 40000, 618);
INSERT INTO tblReservePay (seq, totalPrice, reservationSeq) VALUES (619, 26000, 619);
INSERT INTO tblReservePay (seq, totalPrice, reservationSeq) VALUES (620, 16000, 620);
INSERT INTO tblReservePay (seq, totalPrice, reservationSeq) VALUES (621, 16000, 621);







--2번 영화    
INSERT INTO tblReservePay (seq, totalPrice, reservationSeq) VALUES (622, 20000, 622);  
INSERT INTO tblReservePay (seq, totalPrice, reservationSeq) VALUES (623, 36000, 623);  
INSERT INTO tblReservePay (seq, totalPrice, reservationSeq) VALUES (624, 18000, 624);  
INSERT INTO tblReservePay (seq, totalPrice, reservationSeq) VALUES (625, 8000, 625);   
INSERT INTO tblReservePay (seq, totalPrice, reservationSeq) VALUES (626, 24000, 626);  
INSERT INTO tblReservePay (seq, totalPrice, reservationSeq) VALUES (627, 30000, 627);  
INSERT INTO tblReservePay (seq, totalPrice, reservationSeq) VALUES (628, 16000, 628);  
INSERT INTO tblReservePay (seq, totalPrice, reservationSeq) VALUES (629, 48000, 629);  
INSERT INTO tblReservePay (seq, totalPrice, reservationSeq) VALUES (630, 54000, 630);  
INSERT INTO tblReservePay (seq, totalPrice, reservationSeq) VALUES (631, 24000, 631);
INSERT INTO tblReservePay (seq, totalPrice, reservationSeq) VALUES (632, 62000, 632);
INSERT INTO tblReservePay (seq, totalPrice, reservationSeq) VALUES (633, 36000, 633);
INSERT INTO tblReservePay (seq, totalPrice, reservationSeq) VALUES (634, 20000, 634);

INSERT INTO tblReservePay (seq, totalPrice, reservationSeq) VALUES (635, 22000, 635);
INSERT INTO tblReservePay (seq, totalPrice, reservationSeq) VALUES (636, 24000, 636);
INSERT INTO tblReservePay (seq, totalPrice, reservationSeq) VALUES (637, 32000, 637);
INSERT INTO tblReservePay (seq, totalPrice, reservationSeq) VALUES (638, 34000, 638);
INSERT INTO tblReservePay (seq, totalPrice, reservationSeq) VALUES (639, 34000, 639);
INSERT INTO tblReservePay (seq, totalPrice, reservationSeq) VALUES (640, 34000, 640);
INSERT INTO tblReservePay (seq, totalPrice, reservationSeq) VALUES (641, 34000, 641);
INSERT INTO tblReservePay (seq, totalPrice, reservationSeq) VALUES (642, 34000, 642);
INSERT INTO tblReservePay (seq, totalPrice, reservationSeq) VALUES (643, 34000, 643);
INSERT INTO tblReservePay (seq, totalPrice, reservationSeq) VALUES (644, 34000, 644);
INSERT INTO tblReservePay (seq, totalPrice, reservationSeq) VALUES (645, 34000, 645);
INSERT INTO tblReservePay (seq, totalPrice, reservationSeq) VALUES (646, 34000, 646);
INSERT INTO tblReservePay (seq, totalPrice, reservationSeq) VALUES (647, 34000, 647);
INSERT INTO tblReservePay (seq, totalPrice, reservationSeq) VALUES (648, 36000, 648);
INSERT INTO tblReservePay (seq, totalPrice, reservationSeq) VALUES (649, 32000, 649);
INSERT INTO tblReservePay (seq, totalPrice, reservationSeq) VALUES (650, 26000, 650);
INSERT INTO tblReservePay (seq, totalPrice, reservationSeq) VALUES (651, 26000, 651);
INSERT INTO tblReservePay (seq, totalPrice, reservationSeq) VALUES (652, 26000, 652);
INSERT INTO tblReservePay (seq, totalPrice, reservationSeq) VALUES (653, 26000, 653);





--3번 영화    
INSERT INTO tblReservePay (seq, totalPrice, reservationSeq) VALUES (654, 20000, 654);  
INSERT INTO tblReservePay (seq, totalPrice, reservationSeq) VALUES (655, 36000, 655);  
INSERT INTO tblReservePay (seq, totalPrice, reservationSeq) VALUES (656, 18000, 656);  
INSERT INTO tblReservePay (seq, totalPrice, reservationSeq) VALUES (657, 8000, 657);   
INSERT INTO tblReservePay (seq, totalPrice, reservationSeq) VALUES (658, 24000, 658);  
INSERT INTO tblReservePay (seq, totalPrice, reservationSeq) VALUES (659, 30000, 659);  
INSERT INTO tblReservePay (seq, totalPrice, reservationSeq) VALUES (660, 16000, 660);  
INSERT INTO tblReservePay (seq, totalPrice, reservationSeq) VALUES (661, 48000, 661);  
INSERT INTO tblReservePay (seq, totalPrice, reservationSeq) VALUES (662, 54000, 662);  
INSERT INTO tblReservePay (seq, totalPrice, reservationSeq) VALUES (663, 24000, 663);
INSERT INTO tblReservePay (seq, totalPrice, reservationSeq) VALUES (664, 62000, 664);
INSERT INTO tblReservePay (seq, totalPrice, reservationSeq) VALUES (665, 36000, 665);
INSERT INTO tblReservePay (seq, totalPrice, reservationSeq) VALUES (666, 20000, 666);

INSERT INTO tblReservePay (seq, totalPrice, reservationSeq) VALUES (667, 14000, 667);
INSERT INTO tblReservePay (seq, totalPrice, reservationSeq) VALUES (668, 32000, 668);
INSERT INTO tblReservePay (seq, totalPrice, reservationSeq) VALUES (669, 32000, 669);
INSERT INTO tblReservePay (seq, totalPrice, reservationSeq) VALUES (670, 34000, 670);
INSERT INTO tblReservePay (seq, totalPrice, reservationSeq) VALUES (671, 40000, 671);
INSERT INTO tblReservePay (seq, totalPrice, reservationSeq) VALUES (672, 36000, 672);
INSERT INTO tblReservePay (seq, totalPrice, reservationSeq) VALUES (673, 24000, 673);
INSERT INTO tblReservePay (seq, totalPrice, reservationSeq) VALUES (674, 26000, 674);
INSERT INTO tblReservePay (seq, totalPrice, reservationSeq) VALUES (675, 28000, 675);
INSERT INTO tblReservePay (seq, totalPrice, reservationSeq) VALUES (676, 26000, 676);
INSERT INTO tblReservePay (seq, totalPrice, reservationSeq) VALUES (677, 24000, 677);
INSERT INTO tblReservePay (seq, totalPrice, reservationSeq) VALUES (678, 30000, 678);
INSERT INTO tblReservePay (seq, totalPrice, reservationSeq) VALUES (679, 30000, 679);
INSERT INTO tblReservePay (seq, totalPrice, reservationSeq) VALUES (680, 30000, 680);
INSERT INTO tblReservePay (seq, totalPrice, reservationSeq) VALUES (681, 30000, 681);
INSERT INTO tblReservePay (seq, totalPrice, reservationSeq) VALUES (682, 30000, 682);
INSERT INTO tblReservePay (seq, totalPrice, reservationSeq) VALUES (683, 30000, 683);
INSERT INTO tblReservePay (seq, totalPrice, reservationSeq) VALUES (684, 30000, 684);
INSERT INTO tblReservePay (seq, totalPrice, reservationSeq) VALUES (685, 24000, 685);
INSERT INTO tblReservePay (seq, totalPrice, reservationSeq) VALUES (686, 24000, 686);
INSERT INTO tblReservePay (seq, totalPrice, reservationSeq) VALUES (687, 32000, 687);
INSERT INTO tblReservePay (seq, totalPrice, reservationSeq) VALUES (688, 36000, 688);
INSERT INTO tblReservePay (seq, totalPrice, reservationSeq) VALUES (689, 34000, 689);
INSERT INTO tblReservePay (seq, totalPrice, reservationSeq) VALUES (690, 46000, 690);
INSERT INTO tblReservePay (seq, totalPrice, reservationSeq) VALUES (691, 34000, 691);
INSERT INTO tblReservePay (seq, totalPrice, reservationSeq) VALUES (692, 24000, 692);
INSERT INTO tblReservePay (seq, totalPrice, reservationSeq) VALUES (693, 26000, 693);
INSERT INTO tblReservePay (seq, totalPrice, reservationSeq) VALUES (694, 48000, 694);



--4번 영화    
INSERT INTO tblReservePay (seq, totalPrice, reservationSeq) VALUES (695, 20000, 695);  
INSERT INTO tblReservePay (seq, totalPrice, reservationSeq) VALUES (696, 36000, 696);  
INSERT INTO tblReservePay (seq, totalPrice, reservationSeq) VALUES (697, 18000, 697);  
INSERT INTO tblReservePay (seq, totalPrice, reservationSeq) VALUES (698, 8000, 698);   
INSERT INTO tblReservePay (seq, totalPrice, reservationSeq) VALUES (699, 24000, 699);  
INSERT INTO tblReservePay (seq, totalPrice, reservationSeq) VALUES (700, 30000, 700);  
INSERT INTO tblReservePay (seq, totalPrice, reservationSeq) VALUES (701, 16000, 701);  
INSERT INTO tblReservePay (seq, totalPrice, reservationSeq) VALUES (702, 48000, 702);  
INSERT INTO tblReservePay (seq, totalPrice, reservationSeq) VALUES (703, 54000, 703);  
INSERT INTO tblReservePay (seq, totalPrice, reservationSeq) VALUES (704, 24000, 704);
INSERT INTO tblReservePay (seq, totalPrice, reservationSeq) VALUES (705, 62000, 705);
INSERT INTO tblReservePay (seq, totalPrice, reservationSeq) VALUES (706, 36000, 706);
INSERT INTO tblReservePay (seq, totalPrice, reservationSeq) VALUES (707, 20000, 707);


INSERT INTO tblReservePay (seq, totalPrice, reservationSeq) VALUES (708, 30000, 708); 
INSERT INTO tblReservePay (seq, totalPrice, reservationSeq) VALUES (709, 30000, 709); 
INSERT INTO tblReservePay (seq, totalPrice, reservationSeq) VALUES (710, 30000, 710); 
INSERT INTO tblReservePay (seq, totalPrice, reservationSeq) VALUES (711, 30000, 711); 
INSERT INTO tblReservePay (seq, totalPrice, reservationSeq) VALUES (712, 30000, 712); 
INSERT INTO tblReservePay (seq, totalPrice, reservationSeq) VALUES (713, 20000, 713); 
INSERT INTO tblReservePay (seq, totalPrice, reservationSeq) VALUES (714, 30000, 714); 
INSERT INTO tblReservePay (seq, totalPrice, reservationSeq) VALUES (715, 28000, 715); 
INSERT INTO tblReservePay (seq, totalPrice, reservationSeq) VALUES (716, 40000, 716); 
INSERT INTO tblReservePay (seq, totalPrice, reservationSeq) VALUES (717, 40000, 717); 
INSERT INTO tblReservePay (seq, totalPrice, reservationSeq) VALUES (718, 40000, 718); 
INSERT INTO tblReservePay (seq, totalPrice, reservationSeq) VALUES (719, 40000, 719); 
INSERT INTO tblReservePay (seq, totalPrice, reservationSeq) VALUES (720, 40000, 720); 
INSERT INTO tblReservePay (seq, totalPrice, reservationSeq) VALUES (721, 40000, 721); 
INSERT INTO tblReservePay (seq, totalPrice, reservationSeq) VALUES (722, 40000, 722); 
INSERT INTO tblReservePay (seq, totalPrice, reservationSeq) VALUES (723, 40000, 723); 
INSERT INTO tblReservePay (seq, totalPrice, reservationSeq) VALUES (724, 40000, 724); 
INSERT INTO tblReservePay (seq, totalPrice, reservationSeq) VALUES (725, 40000, 725); 
INSERT INTO tblReservePay (seq, totalPrice, reservationSeq) VALUES (726, 28000, 726); 



COMMIT;




----------4/1
--3번 영화
--1번시간
INSERT INTO tblReservation (seq, adult, teen, senior, total, userSeq, screenTimeSeq) VALUES (727, 0, 2, 2, 4, 14, 223);

INSERT INTO tblReservePay (seq, totalPrice, reservationSeq) VALUES (727, 28000, 727);

INSERT INTO tblSeat (seq, seat, reservationSeq) VALUES (628, 'J11', 727);
INSERT INTO tblSeat (seq, seat, reservationSeq) VALUES (629, 'J12', 727);
INSERT INTO tblSeat (seq, seat, reservationSeq) VALUES (630, 'J13', 727);
INSERT INTO tblSeat (seq, seat, reservationSeq) VALUES (631, 'J14', 727);

INSERT INTO tblSale (seq, saleWay, discountPrice, reservationSeq) VALUES (183,  1, 0, 727);                           
                                                                                                                    
INSERT INTO tblPay (seq, payWay, payPrice, saleSeq) VALUES (183, 1, 28000, 183);                                      
                                                                                                                    
INSERT INTO tblMileage (seq, detail, point, userSeq, saleSeq) VALUES (183, 1, 280, 14, 183);  

--2번시간
INSERT INTO tblReservation (seq, adult, teen, senior, total, userSeq, screenTimeSeq) VALUES (728, 4, 4, 4, 12, 12, 224);

INSERT INTO tblReservePay (seq, totalPrice, reservationSeq) VALUES (728, 96000, 728);

INSERT INTO tblSeat (seq, seat, reservationSeq) VALUES (632, 'J11', 728);
INSERT INTO tblSeat (seq, seat, reservationSeq) VALUES (633, 'J12', 728);
INSERT INTO tblSeat (seq, seat, reservationSeq) VALUES (634, 'J13', 728);
INSERT INTO tblSeat (seq, seat, reservationSeq) VALUES (635, 'J14', 728);
INSERT INTO tblSeat (seq, seat, reservationSeq) VALUES (636, 'A11', 728);
INSERT INTO tblSeat (seq, seat, reservationSeq) VALUES (637, 'A12', 728);
INSERT INTO tblSeat (seq, seat, reservationSeq) VALUES (638, 'A13', 728);
INSERT INTO tblSeat (seq, seat, reservationSeq) VALUES (639, 'A14', 728);
INSERT INTO tblSeat (seq, seat, reservationSeq) VALUES (640, 'E11', 728);
INSERT INTO tblSeat (seq, seat, reservationSeq) VALUES (641, 'E12', 728);
INSERT INTO tblSeat (seq, seat, reservationSeq) VALUES (642, 'E13', 728);
INSERT INTO tblSeat (seq, seat, reservationSeq) VALUES (643, 'E14', 728);

INSERT INTO tblSale (seq, saleWay, discountPrice, reservationSeq) VALUES (184,  1, 0, 728);                           
                                                                                                                    
INSERT INTO tblPay (seq, payWay, payPrice, saleSeq) VALUES (184, 1, 96000, 184);                                      
                                                                                                                    
INSERT INTO tblMileage (seq, detail, point, userSeq, saleSeq) VALUES (184, 1, 960, 12, 184);

--3번시간
INSERT INTO tblReservation (seq, adult, teen, senior, total, userSeq, screenTimeSeq) VALUES (729, 2, 0, 0, 2, 3, 225);

INSERT INTO tblReservePay (seq, totalPrice, reservationSeq) VALUES (729, 20000, 729);

INSERT INTO tblSeat (seq, seat, reservationSeq) VALUES (644, 'J11', 729);
INSERT INTO tblSeat (seq, seat, reservationSeq) VALUES (645, 'J12', 729);

INSERT INTO tblSale (seq, saleWay, discountPrice, reservationSeq) VALUES (185,  1, 0, 729);                           
                                                                                                                    
INSERT INTO tblPay (seq, payWay, payPrice, saleSeq) VALUES (185, 1, 20000, 185);                                      
                                                                                                                    
INSERT INTO tblMileage (seq, detail, point, userSeq, saleSeq) VALUES (185, 1, 200, 2, 185);  


--4번 영화
--2번시간
INSERT INTO tblReservation (seq, adult, teen, senior, total, userSeq, screenTimeSeq) VALUES (730, 2, 2, 2, 6, 3, 308);

INSERT INTO tblReservePay (seq, totalPrice, reservationSeq) VALUES (730, 48000, 730);

INSERT INTO tblSeat (seq, seat, reservationSeq) VALUES (646, 'J11', 730);
INSERT INTO tblSeat (seq, seat, reservationSeq) VALUES (647, 'J12', 730);
INSERT INTO tblSeat (seq, seat, reservationSeq) VALUES (648, 'J13', 730);
INSERT INTO tblSeat (seq, seat, reservationSeq) VALUES (649, 'J14', 730);
INSERT INTO tblSeat (seq, seat, reservationSeq) VALUES (650, 'J15', 730);
INSERT INTO tblSeat (seq, seat, reservationSeq) VALUES (651, 'J16', 730);

INSERT INTO tblSale (seq, saleWay, discountPrice, reservationSeq) VALUES (186,  1, 0, 730);                           
                                                                                                                    
INSERT INTO tblPay (seq, payWay, payPrice, saleSeq) VALUES (186, 1, 48000, 186);                                      
                                                                                                                    
INSERT INTO tblMileage (seq, detail, point, userSeq, saleSeq) VALUES (186, 1, 480, 2, 186);

--4번시간
INSERT INTO tblReservation (seq, adult, teen, senior, total, userSeq, screenTimeSeq) VALUES (731, 2, 1, 1, 4, 3, 310);

INSERT INTO tblReservePay (seq, totalPrice, reservationSeq) VALUES (731, 34000, 731);

INSERT INTO tblSeat (seq, seat, reservationSeq) VALUES (652, 'J11', 731);
INSERT INTO tblSeat (seq, seat, reservationSeq) VALUES (653, 'J12', 731);
INSERT INTO tblSeat (seq, seat, reservationSeq) VALUES (654, 'J13', 731);
INSERT INTO tblSeat (seq, seat, reservationSeq) VALUES (655, 'J14', 731);

INSERT INTO tblSale (seq, saleWay, discountPrice, reservationSeq) VALUES (187,  1, 0, 731);                           
                                                                                                                    
INSERT INTO tblPay (seq, payWay, payPrice, saleSeq) VALUES (187, 1, 34000, 187);                                      
                                                                                                                    
INSERT INTO tblMileage (seq, detail, point, userSeq, saleSeq) VALUES (187, 1, 340, 2, 187); 


--5번영화
--1번시간
INSERT INTO tblReservation (seq, adult, teen, senior, total, userSeq, screenTimeSeq) VALUES (732, 2, 2, 3, 5, 3, 391);

INSERT INTO tblReservePay (seq, totalPrice, reservationSeq) VALUES (732, 54000, 732);

INSERT INTO tblSeat (seq, seat, reservationSeq) VALUES (656, 'J11', 732);
INSERT INTO tblSeat (seq, seat, reservationSeq) VALUES (657, 'J12', 732);
INSERT INTO tblSeat (seq, seat, reservationSeq) VALUES (658, 'J13', 732);
INSERT INTO tblSeat (seq, seat, reservationSeq) VALUES (659, 'J14', 732);
INSERT INTO tblSeat (seq, seat, reservationSeq) VALUES (660, 'J15', 732);

INSERT INTO tblSale (seq, saleWay, discountPrice, reservationSeq) VALUES (188,  1, 0, 732);                           
                                                                                                                    
INSERT INTO tblPay (seq, payWay, payPrice, saleSeq) VALUES (188, 1, 34000, 188);                                      
                                                                                                                    
INSERT INTO tblMileage (seq, detail, point, userSeq, saleSeq) VALUES (188, 1, 340, 2, 188); 

--2번시간
INSERT INTO tblReservation (seq, adult, teen, senior, total, userSeq, screenTimeSeq) VALUES (733, 2, 2, 2, 6, 3, 392);

INSERT INTO tblReservePay (seq, totalPrice, reservationSeq) VALUES (733, 48000, 733);

INSERT INTO tblSeat (seq, seat, reservationSeq) VALUES (661, 'J11', 733);
INSERT INTO tblSeat (seq, seat, reservationSeq) VALUES (662, 'J12', 733);
INSERT INTO tblSeat (seq, seat, reservationSeq) VALUES (663, 'J13', 733);
INSERT INTO tblSeat (seq, seat, reservationSeq) VALUES (664, 'J14', 733);
INSERT INTO tblSeat (seq, seat, reservationSeq) VALUES (665, 'J15', 733);
INSERT INTO tblSeat (seq, seat, reservationSeq) VALUES (666, 'J16', 733);

INSERT INTO tblSale (seq, saleWay, discountPrice, reservationSeq) VALUES (189,  1, 0, 733);                           
                                                                                                                    
INSERT INTO tblPay (seq, payWay, payPrice, saleSeq) VALUES (189, 1, 48000, 189);                                      
                                                                                                                    
INSERT INTO tblMileage (seq, detail, point, userSeq, saleSeq) VALUES (189, 1, 480, 2, 189);

--4번시간
INSERT INTO tblReservation (seq, adult, teen, senior, total, userSeq, screenTimeSeq) VALUES (734, 2, 2, 2, 6, 3, 394);

INSERT INTO tblReservePay (seq, totalPrice, reservationSeq) VALUES (734, 48000, 734);

INSERT INTO tblSeat (seq, seat, reservationSeq) VALUES (667, 'J11', 734);
INSERT INTO tblSeat (seq, seat, reservationSeq) VALUES (668, 'J12', 734);
INSERT INTO tblSeat (seq, seat, reservationSeq) VALUES (669, 'J13', 734);
INSERT INTO tblSeat (seq, seat, reservationSeq) VALUES (670, 'J14', 734);
INSERT INTO tblSeat (seq, seat, reservationSeq) VALUES (671, 'J15', 734);
INSERT INTO tblSeat (seq, seat, reservationSeq) VALUES (672, 'J16', 734);
INSERT INTO tblSeat (seq, seat, reservationSeq) VALUES (673, 'J17', 734);
INSERT INTO tblSeat (seq, seat, reservationSeq) VALUES (674, 'J18', 734);
INSERT INTO tblSeat (seq, seat, reservationSeq) VALUES (675, 'J1', 734);
INSERT INTO tblSeat (seq, seat, reservationSeq) VALUES (676, 'J2', 734);
INSERT INTO tblSeat (seq, seat, reservationSeq) VALUES (677, 'J3', 734);

INSERT INTO tblSale (seq, saleWay, discountPrice, reservationSeq) VALUES (190,  1, 0, 734);                           
                                                                                                                    
INSERT INTO tblPay (seq, payWay, payPrice, saleSeq) VALUES (190, 1, 48000, 190);                                      
                                                                                                                    
INSERT INTO tblMileage (seq, detail, point, userSeq, saleSeq) VALUES (190, 1, 480, 2, 190);

--5번시간
INSERT INTO tblReservation (seq, adult, teen, senior, total, userSeq, screenTimeSeq) VALUES (735, 2, 2, 2, 6, 3, 395);

INSERT INTO tblReservePay (seq, totalPrice, reservationSeq) VALUES (735, 48000, 735);

INSERT INTO tblSeat (seq, seat, reservationSeq) VALUES (668, 'J11', 735);
INSERT INTO tblSeat (seq, seat, reservationSeq) VALUES (669, 'J12', 735);
INSERT INTO tblSeat (seq, seat, reservationSeq) VALUES (670, 'J13', 735);
INSERT INTO tblSeat (seq, seat, reservationSeq) VALUES (671, 'J14', 735);
INSERT INTO tblSeat (seq, seat, reservationSeq) VALUES (672, 'J15', 735);
INSERT INTO tblSeat (seq, seat, reservationSeq) VALUES (673, 'J16', 735);
INSERT INTO tblSeat (seq, seat, reservationSeq) VALUES (674, 'J17', 735);
INSERT INTO tblSeat (seq, seat, reservationSeq) VALUES (675, 'J18', 735);
INSERT INTO tblSeat (seq, seat, reservationSeq) VALUES (676, 'J1', 735);
INSERT INTO tblSeat (seq, seat, reservationSeq) VALUES (677, 'J2', 735);
INSERT INTO tblSeat (seq, seat, reservationSeq) VALUES (678, 'J3', 735);
INSERT INTO tblSeat (seq, seat, reservationSeq) VALUES (679, 'J4', 735);
INSERT INTO tblSeat (seq, seat, reservationSeq) VALUES (680, 'J5', 735);
INSERT INTO tblSeat (seq, seat, reservationSeq) VALUES (681, 'J6', 735);
INSERT INTO tblSeat (seq, seat, reservationSeq) VALUES (682, 'J7', 735);
INSERT INTO tblSeat (seq, seat, reservationSeq) VALUES (683, 'J8', 735);

INSERT INTO tblSale (seq, saleWay, discountPrice, reservationSeq) VALUES (191,  1, 0, 735);                           
                                                                                                                    
INSERT INTO tblPay (seq, payWay, payPrice, saleSeq) VALUES (191, 1, 48000, 191);                                      
                                                                                                                    
INSERT INTO tblMileage (seq, detail, point, userSeq, saleSeq) VALUES (191, 1, 480, 2, 191); 

COMMIT;
